”Ô†,Žs’¬‘º,ƒf[ƒ^
1,Žµƒ–•l’¬,239302
2,“o•ÄŽs,179014
3,Žµƒ–h’¬,404503
4,—O’J’¬,98444
5,Žµƒ–•l’¬,177440
6,ŽRŒ³’¬,109680
7,‘å˜a’¬,70357
8,‹CåÀŽs,479490
9,‹CåÀŽs,197182
10,“o•ÄŽs,124930
11,•x’JŽs,186586
12,Šp“cŽs,410361
13,•x’JŽs,105199
14,F–ƒ’¬,266889
15,‘å‰ÍŒ´’¬,487172
16,ŠâÀŽs,255935
17,˜j—’¬,475495
18,‹CåÀŽs,67712
19,”ü—¢’¬,367673
20,ÎŠªŽs,477023
21,‘º“c’¬,417047
22,”ü—¢’¬,297091
23,‰Á”ü’¬,146618
24,ŠâÀŽs,248751
25,“Œ¼“‡Žs,290849
26,—O’J’¬,129845
27,F–ƒ’¬,150624
28,”ü—¢’¬,430720
29,“o•ÄŽs,226310
30,ŽÄ“c’¬,479130
31,‘ ‰¤’¬,190303
32,F–ƒ’¬,362820
33,‘åèŽs,50656
34,‘åèŽs,87169
35,—ì’¬,404651
36,Žµƒ–h’¬,107672
37,‘åt‘º,131491
38,F–ƒ’¬,456436
39,å‘äŽs,488034
40,‘å‰ÍŒ´’¬,369602
41,“o•ÄŽs,488997
42,‰–â}Žs,422912
43,‘º“c’¬,240589
44,˜j—’¬,223588
45,—O’J’¬,186934
46,‘å‹½’¬,343559
47,Žµƒ–•l’¬,395096
48,“ìŽO—¤’¬,282095
49,”’ÎŽs,236831
50,‘å˜a’¬,335584
51,ÎŠªŽs,259276
52,ìè’¬,113253
53,”ü—¢’¬,337258
54,Šp“cŽs,172063
55,‘åt‘º,81629
56,—˜•{’¬,269199
57,‹CåÀŽs,451149
58,å‘äŽs,274721
59,‰Á”ü’¬,231102
60,”ü—¢’¬,346108
61,—O’J’¬,413571
62,ìè’¬,111310
63,‘½‰êéŽs,445636
64,–¼ŽæŽs,439855
65,ŠÛX’¬,338214
66,ŠÛX’¬,434805
67,‘å‰ÍŒ´’¬,450791
68,”ü—¢’¬,404073
69,‘å˜a’¬,293017
70,“o•ÄŽs,318883
71,ìè’¬,138523
72,ŒIŒ´Žs,385200
73,F–ƒ’¬,103526
74,ìè’¬,273230
75,—ì’¬,464102
76,ŠÛX’¬,317917
77,‹CåÀŽs,333385
78,‹CåÀŽs,486032
79,å‘äŽs,89554
80,ŠâÀŽs,379184
81,–¼ŽæŽs,458400
82,‰–â}Žs,181302
83,—O’J’¬,130617
84,“o•ÄŽs,140104
85,—O’J’¬,389370
86,“o•ÄŽs,192675
87,ŒIŒ´Žs,144237
88,¼“‡’¬,215036
89,F–ƒ’¬,356072
90,”’ÎŽs,375830
91,Žµƒ–•l’¬,476889
92,—O’J’¬,204149
93,Šp“cŽs,66602
94,—˜•{’¬,277668
95,•x’JŽs,225581
96,”’ÎŽs,486703
97,ŠâÀŽs,447246
98,“o•ÄŽs,301081
99,‘åèŽs,251009
100,‘åt‘º,148821
101,‘å‹½’¬,336637
102,¼“‡’¬,156514
103,å‘äŽs,447685
104,ŠâÀŽs,388200
105,Šp“cŽs,414614
106,—˜•{’¬,118021
107,‘ ‰¤’¬,163492
108,“ìŽO—¤’¬,443049
109,ìè’¬,93916
110,‹CåÀŽs,101170
111,Šp“cŽs,143141
112,‘½‰êéŽs,444919
113,‘å‰ÍŒ´’¬,469078
114,‘å˜a’¬,248202
115,‘ ‰¤’¬,133932
116,—ì’¬,295546
117,‘º“c’¬,469756
118,Žµƒ–h’¬,431300
119,ÎŠªŽs,196907
120,Žµƒ–•l’¬,427695
121,‘ ‰¤’¬,498013
122,ŽRŒ³’¬,67948
123,–¼ŽæŽs,424655
124,ìè’¬,251247
125,Šp“cŽs,183789
126,‘½‰êéŽs,124064
127,‘å‰ÍŒ´’¬,376825
128,ìè’¬,56847
129,”ü—¢’¬,116510
130,”ü—¢’¬,233605
131,‘ ‰¤’¬,364131
132,ŠÛX’¬,334778
133,–¼ŽæŽs,119505
134,‘å‹½’¬,187610
135,•x’JŽs,234790
136,ìè’¬,415029
137,”’ÎŽs,488315
138,“o•ÄŽs,467724
139,Žµƒ–•l’¬,185216
140,ŠÛX’¬,325490
141,ŽRŒ³’¬,462436
142,‰Á”ü’¬,157331
143,“o•ÄŽs,349331
144,ÎŠªŽs,482035
145,‘å˜a’¬,347030
146,‹CåÀŽs,279667
147,ŽÄ“c’¬,408775
148,‹CåÀŽs,344902
149,ìè’¬,334282
150,‰–â}Žs,254463
151,¼“‡’¬,260686
152,‘å‰ÍŒ´’¬,444220
153,Žµƒ–•l’¬,428886
154,Žµƒ–h’¬,344556
155,F–ƒ’¬,341961
156,“o•ÄŽs,392821
157,‹CåÀŽs,284130
158,—ì’¬,261929
159,‘½‰êéŽs,90892
160,“Œ¼“‡Žs,93750
161,ìè’¬,342387
162,‘½‰êéŽs,461018
163,˜j—’¬,358241
164,ŒIŒ´Žs,443727
165,‘ ‰¤’¬,414388
166,ŠâÀŽs,99470
167,ÎŠªŽs,443501
168,”ü—¢’¬,381134
169,ŒIŒ´Žs,111837
170,ŠâÀŽs,275126
171,”ü—¢’¬,200269
172,‘åt‘º,59195
173,å‘äŽs,386283
174,‘å‹½’¬,170100
175,¼“‡’¬,79991
176,—˜•{’¬,202831
177,‘å˜a’¬,296202
178,˜j—’¬,166494
179,ŠÛX’¬,181015
180,‘å‰ÍŒ´’¬,387205
181,‰–â}Žs,327375
182,—ì’¬,431621
183,”ü—¢’¬,238344
184,Šp“cŽs,465820
185,”ü—¢’¬,81948
186,‘å˜a’¬,209476
187,ŠÛX’¬,161969
188,”’ÎŽs,456695
189,Šp“cŽs,153669
190,ŽÄ“c’¬,151228
191,å‘äŽs,493179
192,‘å˜a’¬,424103
193,‰Á”ü’¬,211160
194,–¼ŽæŽs,395804
195,‰Á”ü’¬,487608
196,“Œ¼“‡Žs,378488
197,“o•ÄŽs,403405
198,¼“‡’¬,411024
199,”ü—¢’¬,210820
200,”ü—¢’¬,451097
201,‘ ‰¤’¬,491905
202,“o•ÄŽs,287522
203,Šp“cŽs,65380
204,ŠâÀŽs,206735
205,”ü—¢’¬,232894
206,ŠÛX’¬,487032
207,‹CåÀŽs,391585
208,‘åèŽs,237558
209,ŠÛX’¬,344335
210,‰–â}Žs,272325
211,“ìŽO—¤’¬,345373
212,ÎŠªŽs,216950
213,ŒIŒ´Žs,345931
214,“Œ¼“‡Žs,451825
215,‘åt‘º,404455
216,–¼ŽæŽs,106533
217,˜j—’¬,470533
218,‘ ‰¤’¬,91853
219,‘åèŽs,381240
220,˜j—’¬,151616
221,¼“‡’¬,373443
222,”ü—¢’¬,405814
223,”ü—¢’¬,130576
224,“ìŽO—¤’¬,70471
225,‰Á”ü’¬,298061
226,Žµƒ–h’¬,247430
227,F–ƒ’¬,134023
228,ŠÛX’¬,307606
229,”ü—¢’¬,338695
230,‰–â}Žs,187491
231,ìè’¬,132081
232,Žµƒ–h’¬,174333
233,¼“‡’¬,194027
234,—O’J’¬,112617
235,–¼ŽæŽs,276535
236,‘º“c’¬,276402
237,ŒIŒ´Žs,229969
238,”ü—¢’¬,457310
239,¼“‡’¬,341270
240,‰Á”ü’¬,171165
241,‘å‹½’¬,81349
242,“o•ÄŽs,150206
243,‘åt‘º,427960
244,‘½‰êéŽs,310385
245,Žµƒ–h’¬,115880
246,Šp“cŽs,254529
247,ìè’¬,348184
248,¼“‡’¬,492115
249,—O’J’¬,235274
250,Žµƒ–•l’¬,259276
251,‘å˜a’¬,371909
252,“Œ¼“‡Žs,395755
253,å‘äŽs,413537
254,Žµƒ–h’¬,495260
255,‘åèŽs,269593
256,‘ ‰¤’¬,261077
257,—˜•{’¬,164627
258,ŠÛX’¬,204287
259,“Œ¼“‡Žs,252075
260,ŠÛX’¬,95771
261,ŠâÀŽs,474132
262,“o•ÄŽs,299719
263,ŒIŒ´Žs,293683
264,ŠÛX’¬,177342
265,‘½‰êéŽs,113067
266,”’ÎŽs,83929
267,F–ƒ’¬,193526
268,‘åt‘º,141555
269,‰Á”ü’¬,172322
270,ŒIŒ´Žs,436294
271,—ì’¬,184911
272,“Œ¼“‡Žs,121211
273,Žµƒ–•l’¬,152245
274,•x’JŽs,494019
275,”ü—¢’¬,375452
276,“ìŽO—¤’¬,133149
277,‘åt‘º,68787
278,‘ ‰¤’¬,303114
279,—O’J’¬,468302
280,ÎŠªŽs,359386
281,ŽRŒ³’¬,195974
282,—ì’¬,174938
283,“o•ÄŽs,209885
284,•x’JŽs,68520
285,ìè’¬,319762
286,ŠÛX’¬,312604
287,ÎŠªŽs,455561
288,F–ƒ’¬,159204
289,‘å‹½’¬,491862
290,Žµƒ–h’¬,199636
291,‘å˜a’¬,280637
292,‘ ‰¤’¬,217174
293,‘åt‘º,258850
294,‘ ‰¤’¬,345744
295,Žµƒ–•l’¬,416065
296,‹CåÀŽs,236353
297,‘å˜a’¬,409907
298,ŽÄ“c’¬,317884
299,“Œ¼“‡Žs,431082
300,‘å‰ÍŒ´’¬,342455
301,å‘äŽs,397193
302,Žµƒ–•l’¬,334343
303,”’ÎŽs,201464
304,‘½‰êéŽs,106477
305,‹CåÀŽs,302245
306,–¼ŽæŽs,222044
307,–¼ŽæŽs,214356
308,ŒIŒ´Žs,308608
309,•x’JŽs,292728
310,‹CåÀŽs,358479
311,—˜•{’¬,374800
312,‘º“c’¬,205092
313,‹CåÀŽs,326075
314,Šp“cŽs,347911
315,ŽÄ“c’¬,427271
316,‘å‰ÍŒ´’¬,313066
317,‹CåÀŽs,436882
318,ÎŠªŽs,372494
319,‘º“c’¬,144404
320,ŽÄ“c’¬,489851
321,‘å˜a’¬,397826
322,Žµƒ–•l’¬,65494
323,‘å‹½’¬,456518
324,‘åèŽs,87103
325,‘½‰êéŽs,309591
326,‘å˜a’¬,133985
327,Šp“cŽs,160117
328,—ì’¬,297492
329,—˜•{’¬,202204
330,‘å‰ÍŒ´’¬,167289
331,‘åèŽs,217686
332,˜j—’¬,76067
333,¼“‡’¬,250967
334,ŽRŒ³’¬,413378
335,‘½‰êéŽs,389188
336,‘åt‘º,318752
337,“Œ¼“‡Žs,360242
338,‘ ‰¤’¬,297771
339,ŠâÀŽs,251639
340,‘åt‘º,100792
341,ìè’¬,196113
342,¼“‡’¬,191658
343,Šp“cŽs,392235
344,‰–â}Žs,205398
345,–¼ŽæŽs,328308
346,“ìŽO—¤’¬,293273
347,ìè’¬,170485
348,”ü—¢’¬,304895
349,‘º“c’¬,317493
350,—ì’¬,152159
351,‘å˜a’¬,205550
352,–¼ŽæŽs,337852
353,“ìŽO—¤’¬,83441
354,ŽRŒ³’¬,157033
355,‹CåÀŽs,218989
356,ìè’¬,207453
357,Šp“cŽs,149341
358,‘å‹½’¬,314760
359,‘åt‘º,193405
360,˜j—’¬,308289
361,å‘äŽs,71878
362,“Œ¼“‡Žs,405086
363,ŽRŒ³’¬,362675
364,“Œ¼“‡Žs,52907
365,”ü—¢’¬,79866
366,å‘äŽs,319711
367,‘åèŽs,171178
368,ŠâÀŽs,366986
369,Žµƒ–•l’¬,196244
370,ŽRŒ³’¬,118579
371,˜j—’¬,247343
372,Šp“cŽs,430689
373,“Œ¼“‡Žs,422430
374,F–ƒ’¬,293318
375,Žµƒ–h’¬,183207
376,‘ ‰¤’¬,422290
377,‘å‹½’¬,138651
378,Šp“cŽs,485636
379,Žµƒ–•l’¬,364371
380,•x’JŽs,104675
381,‰–â}Žs,237967
382,ŠÛX’¬,413598
383,ÎŠªŽs,69752
384,¼“‡’¬,71881
385,‘åt‘º,446101
386,‘º“c’¬,105285
387,Šp“cŽs,242960
388,–¼ŽæŽs,83565
389,‘å˜a’¬,201914
390,ìè’¬,498483
391,Šp“cŽs,191430
392,F–ƒ’¬,200603
393,‘ ‰¤’¬,317930
394,‹CåÀŽs,239928
395,ŠÛX’¬,491847
396,ŠâÀŽs,178081
397,‘å‹½’¬,475136
398,•x’JŽs,497895
399,”’ÎŽs,130718
400,“Œ¼“‡Žs,447067
401,”’ÎŽs,254505
402,‰Á”ü’¬,161665
403,ìè’¬,385624
404,‘åt‘º,485466
405,‘º“c’¬,272751
406,‘å‹½’¬,54108
407,‘½‰êéŽs,129180
408,Šp“cŽs,388085
409,ÎŠªŽs,487699
410,”ü—¢’¬,224575
411,—O’J’¬,311303
412,å‘äŽs,364888
413,ÎŠªŽs,332123
414,‘ ‰¤’¬,335434
415,•x’JŽs,251302
416,‘º“c’¬,273582
417,”’ÎŽs,319699
418,”’ÎŽs,300769
419,å‘äŽs,61001
420,˜j—’¬,60676
421,–¼ŽæŽs,366269
422,‹CåÀŽs,372490
423,‰–â}Žs,73738
424,ìè’¬,242324
425,—˜•{’¬,78558
426,ìè’¬,334881
427,ŽÄ“c’¬,195428
428,”’ÎŽs,438947
429,“Œ¼“‡Žs,73498
430,—ì’¬,174645
431,ŽRŒ³’¬,235258
432,‰–â}Žs,347427
433,Žµƒ–h’¬,136561
434,Žµƒ–h’¬,193523
435,‘åèŽs,284788
436,‹CåÀŽs,238596
437,ŠÛX’¬,208729
438,ŽRŒ³’¬,426474
439,‹CåÀŽs,492592
440,ŠâÀŽs,87449
441,ŒIŒ´Žs,401715
442,–¼ŽæŽs,217251
443,‘å‹½’¬,419464
444,‰Á”ü’¬,172922
445,F–ƒ’¬,449702
446,—˜•{’¬,81248
447,ŠâÀŽs,295627
448,‰–â}Žs,227976
449,‘å‹½’¬,451855
450,—O’J’¬,385968
451,˜j—’¬,348904
452,ŠâÀŽs,83429
453,‘å‰ÍŒ´’¬,287256
454,‘º“c’¬,249409
455,”’ÎŽs,321964
456,“Œ¼“‡Žs,84359
457,•x’JŽs,368726
458,ŠÛX’¬,315194
459,F–ƒ’¬,369754
460,‘½‰êéŽs,201645
461,Žµƒ–•l’¬,112318
462,‹CåÀŽs,190577
463,”’ÎŽs,174085
464,‘½‰êéŽs,327589
465,“Œ¼“‡Žs,411151
466,å‘äŽs,61872
467,•x’JŽs,389827
468,“ìŽO—¤’¬,321927
469,‘å‰ÍŒ´’¬,450929
470,—˜•{’¬,132770
471,ŽÄ“c’¬,194328
472,“Œ¼“‡Žs,230657
473,”’ÎŽs,383624
474,‘å‹½’¬,449321
475,å‘äŽs,309773
476,”’ÎŽs,480177
477,“Œ¼“‡Žs,373523
478,‘½‰êéŽs,402914
479,•x’JŽs,365860
480,‹CåÀŽs,240243
481,‘åt‘º,158514
482,‘ ‰¤’¬,207510
483,•x’JŽs,389140
484,‘å‰ÍŒ´’¬,402207
485,“ìŽO—¤’¬,428619
486,‘½‰êéŽs,244967
487,ÎŠªŽs,326632
488,‘åèŽs,157980
489,—˜•{’¬,395411
490,‘ ‰¤’¬,195871
491,“ìŽO—¤’¬,329514
492,Žµƒ–•l’¬,213347
493,‘åèŽs,338899
494,ŠâÀŽs,315991
495,Šp“cŽs,392722
496,—O’J’¬,117766
497,‘º“c’¬,82005
498,—ì’¬,461993
499,‘å‰ÍŒ´’¬,192777
500,å‘äŽs,80066
501,‘å‹½’¬,133837
502,‰Á”ü’¬,361758
503,ìè’¬,405089
504,‘åt‘º,259090
505,‘åt‘º,235416
506,‘åèŽs,187933
507,ŠâÀŽs,221658
508,Žµƒ–h’¬,277316
509,ŠâÀŽs,422600
510,Žµƒ–•l’¬,355277
511,ÎŠªŽs,188951
512,˜j—’¬,490134
513,Žµƒ–•l’¬,434601
514,—˜•{’¬,253741
515,ìè’¬,227588
516,ŽÄ“c’¬,425892
517,”’ÎŽs,91933
518,ŠâÀŽs,159141
519,“ìŽO—¤’¬,96579
520,ÎŠªŽs,116131
521,ìè’¬,390266
522,‰Á”ü’¬,308116
523,‹CåÀŽs,129351
524,‹CåÀŽs,449087
525,˜j—’¬,112233
526,“ìŽO—¤’¬,256855
527,‘åèŽs,281256
528,ŒIŒ´Žs,334061
529,‘å‰ÍŒ´’¬,211377
530,å‘äŽs,356932
531,“ìŽO—¤’¬,161561
532,‰–â}Žs,177296
533,ŠÛX’¬,204572
534,‘ ‰¤’¬,406854
535,‘å‰ÍŒ´’¬,130565
536,—ì’¬,322831
537,–¼ŽæŽs,218699
538,”ü—¢’¬,374515
539,‘º“c’¬,342546
540,ÎŠªŽs,168259
541,‘ ‰¤’¬,497328
542,‘åt‘º,411478
543,‘åt‘º,477003
544,‘å‹½’¬,288123
545,ŒIŒ´Žs,350327
546,“o•ÄŽs,388727
547,¼“‡’¬,72577
548,‘å‹½’¬,496601
549,ìè’¬,312728
550,”ü—¢’¬,443367
551,•x’JŽs,116056
552,Žµƒ–h’¬,352220
553,‘åt‘º,374130
554,Žµƒ–•l’¬,455569
555,‰Á”ü’¬,200763
556,ŽRŒ³’¬,274807
557,˜j—’¬,480284
558,‹CåÀŽs,263530
559,ŠâÀŽs,66043
560,˜j—’¬,173328
561,‘å˜a’¬,473349
562,‰Á”ü’¬,190969
563,‰Á”ü’¬,496615
564,‰–â}Žs,448740
565,‰Á”ü’¬,427962
566,ŠâÀŽs,296355
567,“o•ÄŽs,212671
568,“ìŽO—¤’¬,498696
569,‘åt‘º,363102
570,‘å‰ÍŒ´’¬,175969
571,Žµƒ–•l’¬,404234
572,‹CåÀŽs,296893
573,—˜•{’¬,283040
574,‘å‰ÍŒ´’¬,486054
575,å‘äŽs,155250
576,‘º“c’¬,159813
577,‘ ‰¤’¬,416264
578,—˜•{’¬,355981
579,˜j—’¬,359352
580,˜j—’¬,146521
581,ŽÄ“c’¬,132516
582,‘å‰ÍŒ´’¬,438969
583,“o•ÄŽs,199186
584,•x’JŽs,411990
585,‰–â}Žs,139008
586,—O’J’¬,301711
587,ŠâÀŽs,490066
588,‹CåÀŽs,148661
589,¼“‡’¬,60550
590,‘º“c’¬,399516
591,Žµƒ–•l’¬,57459
592,ŠÛX’¬,454335
593,‘º“c’¬,128595
594,‘å‰ÍŒ´’¬,416052
595,‘å˜a’¬,329738
596,ŒIŒ´Žs,280145
597,ŽRŒ³’¬,167280
598,ŽRŒ³’¬,179375
599,•x’JŽs,148230
600,ŽÄ“c’¬,155719
601,å‘äŽs,275435
602,Žµƒ–h’¬,220100
603,“ìŽO—¤’¬,461589
604,•x’JŽs,308569
605,–¼ŽæŽs,458251
606,‘º“c’¬,138639
607,˜j—’¬,83472
608,ŠÛX’¬,278563
609,ÎŠªŽs,409311
610,–¼ŽæŽs,271688
611,—ì’¬,354655
612,˜j—’¬,361673
613,ŠÛX’¬,292834
614,ŠâÀŽs,466226
615,”ü—¢’¬,430165
616,‘åt‘º,113054
617,å‘äŽs,181701
618,—˜•{’¬,284466
619,ÎŠªŽs,475703
620,‘åt‘º,426960
621,‘º“c’¬,214812
622,—˜•{’¬,253290
623,“o•ÄŽs,408687
624,Šp“cŽs,271362
625,F–ƒ’¬,191836
626,”ü—¢’¬,457744
627,‰Á”ü’¬,262246
628,å‘äŽs,363731
629,Šp“cŽs,317569
630,”ü—¢’¬,259134
631,—O’J’¬,467436
632,“ìŽO—¤’¬,491742
633,F–ƒ’¬,89190
634,‹CåÀŽs,467240
635,‘½‰êéŽs,294728
636,‘ ‰¤’¬,143332
637,ìè’¬,171265
638,Šp“cŽs,362055
639,•x’JŽs,88669
640,˜j—’¬,320242
641,‘åèŽs,243986
642,“ìŽO—¤’¬,309311
643,F–ƒ’¬,168281
644,ŠÛX’¬,174767
645,‘åt‘º,354577
646,ŽRŒ³’¬,316993
647,ŽRŒ³’¬,119244
648,ìè’¬,142854
649,‰–â}Žs,430585
650,—O’J’¬,458873
651,‘åèŽs,330708
652,“o•ÄŽs,193873
653,ŽRŒ³’¬,307416
654,”’ÎŽs,80960
655,‘å‰ÍŒ´’¬,90781
656,ŠâÀŽs,436625
657,‘å‰ÍŒ´’¬,433760
658,‘ ‰¤’¬,391807
659,F–ƒ’¬,101942
660,Žµƒ–h’¬,272983
661,‘å˜a’¬,173951
662,˜j—’¬,340422
663,“o•ÄŽs,54591
664,‘º“c’¬,351809
665,ŽRŒ³’¬,115872
666,—˜•{’¬,487228
667,ìè’¬,104801
668,‘å˜a’¬,102349
669,ŠÛX’¬,481612
670,Žµƒ–•l’¬,197765
671,”ü—¢’¬,264375
672,Žµƒ–h’¬,145759
673,‘º“c’¬,138219
674,ŽÄ“c’¬,343502
675,–¼ŽæŽs,316355
676,‘åèŽs,334527
677,ÎŠªŽs,109185
678,“Œ¼“‡Žs,293403
679,˜j—’¬,440962
680,‘åèŽs,408041
681,“Œ¼“‡Žs,415858
682,Šp“cŽs,348864
683,˜j—’¬,348090
684,‘å‰ÍŒ´’¬,487623
685,“Œ¼“‡Žs,470630
686,‘å‹½’¬,116214
687,ŒIŒ´Žs,360878
688,—O’J’¬,261624
689,‹CåÀŽs,223555
690,—O’J’¬,452140
691,”ü—¢’¬,193571
692,F–ƒ’¬,217612
693,å‘äŽs,397188
694,ŠâÀŽs,213084
695,“o•ÄŽs,322666
696,¼“‡’¬,150627
697,¼“‡’¬,137422
698,Šp“cŽs,294770
699,ìè’¬,336993
700,•x’JŽs,146569
701,“ìŽO—¤’¬,426016
702,“Œ¼“‡Žs,281698
703,ŒIŒ´Žs,65575
704,‘å‹½’¬,352121
705,¼“‡’¬,332566
706,ÎŠªŽs,452399
707,ŠâÀŽs,91519
708,¼“‡’¬,371585
709,ŠâÀŽs,157539
710,F–ƒ’¬,289819
711,‹CåÀŽs,166646
712,‰–â}Žs,290419
713,ìè’¬,337109
714,‘ ‰¤’¬,115424
715,˜j—’¬,459162
716,ìè’¬,264524
717,ÎŠªŽs,485164
718,ŠÛX’¬,203240
719,”ü—¢’¬,55656
720,“o•ÄŽs,372090
721,ŠÛX’¬,459388
722,‘½‰êéŽs,317151
723,‘åèŽs,474665
724,—˜•{’¬,313775
725,F–ƒ’¬,107408
726,Žµƒ–•l’¬,376642
727,‘å˜a’¬,96885
728,ŠÛX’¬,433704
729,ŠâÀŽs,375678
730,‘å‹½’¬,416778
731,‘½‰êéŽs,266429
732,¼“‡’¬,226585
733,•x’JŽs,142118
734,Žµƒ–h’¬,209792
735,‘åèŽs,86426
736,–¼ŽæŽs,318176
737,ŽÄ“c’¬,304253
738,–¼ŽæŽs,200330
739,˜j—’¬,267856
740,‰–â}Žs,331491
741,¼“‡’¬,146699
742,ŠâÀŽs,444952
743,ìè’¬,292927
744,‘º“c’¬,333394
745,ŠâÀŽs,261408
746,”ü—¢’¬,298028
747,‘º“c’¬,166787
748,‘å‰ÍŒ´’¬,242727
749,‰Á”ü’¬,382708
750,—O’J’¬,278596
751,‘å˜a’¬,137811
752,‰–â}Žs,371880
753,‘º“c’¬,240824
754,F–ƒ’¬,148730
755,‰Á”ü’¬,138432
756,‘º“c’¬,242123
757,‰–â}Žs,384611
758,‰Á”ü’¬,267842
759,“o•ÄŽs,308510
760,‹CåÀŽs,180472
761,”ü—¢’¬,244531
762,F–ƒ’¬,252459
763,—ì’¬,248052
764,ŽRŒ³’¬,195212
765,‘ ‰¤’¬,385290
766,“Œ¼“‡Žs,416992
767,ìè’¬,196354
768,ŒIŒ´Žs,426667
769,‘ ‰¤’¬,384793
770,å‘äŽs,143813
771,‘å‰ÍŒ´’¬,360209
772,ìè’¬,322688
773,Žµƒ–•l’¬,142075
774,—˜•{’¬,445487
775,‰–â}Žs,191511
776,•x’JŽs,112181
777,‘½‰êéŽs,195753
778,“o•ÄŽs,351814
779,ìè’¬,212118
780,ŽÄ“c’¬,458076
781,“o•ÄŽs,167878
782,‘å‰ÍŒ´’¬,233648
783,ŠâÀŽs,430475
784,”ü—¢’¬,384431
785,Šp“cŽs,461902
786,—ì’¬,57833
787,‘å‰ÍŒ´’¬,89996
788,ÎŠªŽs,482377
789,ŠÛX’¬,425017
790,•x’JŽs,123647
791,–¼ŽæŽs,432344
792,¼“‡’¬,98848
793,”ü—¢’¬,196080
794,“Œ¼“‡Žs,460745
795,Šp“cŽs,283032
796,–¼ŽæŽs,71378
797,Šp“cŽs,78937
798,‘å˜a’¬,398341
799,‘ ‰¤’¬,192095
800,—ì’¬,291216
801,‘º“c’¬,432887
802,ŒIŒ´Žs,103446
803,—O’J’¬,406160
804,ìè’¬,254671
805,”ü—¢’¬,210236
806,ŒIŒ´Žs,272295
807,‘ ‰¤’¬,303886
808,‰–â}Žs,271127
809,‘å‰ÍŒ´’¬,402341
810,ŠÛX’¬,292112
811,‹CåÀŽs,463486
812,‰–â}Žs,119045
813,‘åt‘º,256244
814,Šp“cŽs,323258
815,—ì’¬,473703
816,Šp“cŽs,211476
817,ŒIŒ´Žs,445248
818,‘åt‘º,462343
819,“o•ÄŽs,308874
820,Žµƒ–•l’¬,348319
821,Žµƒ–h’¬,68900
822,‘å˜a’¬,393891
823,“o•ÄŽs,216288
824,—ì’¬,425192
825,‰–â}Žs,386249
826,‘å‹½’¬,457840
827,”ü—¢’¬,304046
828,ŠÛX’¬,200713
829,“Œ¼“‡Žs,170267
830,“o•ÄŽs,361177
831,‰Á”ü’¬,139259
832,—ì’¬,367854
833,–¼ŽæŽs,444540
834,•x’JŽs,170101
835,¼“‡’¬,394237
836,‰Á”ü’¬,109897
837,ŠÛX’¬,480228
838,‰Á”ü’¬,220356
839,‰Á”ü’¬,435043
840,˜j—’¬,383548
841,Šp“cŽs,406868
842,ÎŠªŽs,209066
843,ŽRŒ³’¬,251011
844,Žµƒ–h’¬,451776
845,ŠÛX’¬,148591
846,”ü—¢’¬,363506
847,Žµƒ–•l’¬,241012
848,Žµƒ–h’¬,277485
849,—O’J’¬,453985
850,‰–â}Žs,147329
851,“o•ÄŽs,470022
852,ŠâÀŽs,330418
853,ŠÛX’¬,263392
854,‘åt‘º,384811
855,Žµƒ–h’¬,479848
856,–¼ŽæŽs,150387
857,—O’J’¬,188353
858,”ü—¢’¬,144825
859,‘½‰êéŽs,394659
860,å‘äŽs,399049
861,‘å‹½’¬,96514
862,“ìŽO—¤’¬,368376
863,Šp“cŽs,417046
864,‘åt‘º,201147
865,‘åt‘º,407781
866,ŠÛX’¬,253431
867,ŠâÀŽs,59881
868,ŠâÀŽs,239779
869,•x’JŽs,128372
870,Žµƒ–h’¬,352650
871,ŒIŒ´Žs,225133
872,—O’J’¬,481032
873,¼“‡’¬,122937
874,Žµƒ–h’¬,499274
875,•x’JŽs,372418
876,Žµƒ–•l’¬,194684
877,ŠâÀŽs,165167
878,ÎŠªŽs,488049
879,“o•ÄŽs,451131
880,‘º“c’¬,193340
881,‘½‰êéŽs,175107
882,—ì’¬,341605
883,‘å‹½’¬,385015
884,F–ƒ’¬,198134
885,‰Á”ü’¬,105700
886,‘åèŽs,190270
887,‘å˜a’¬,196899
888,Šp“cŽs,88965
889,“Œ¼“‡Žs,129527
890,—O’J’¬,128722
891,‘ ‰¤’¬,422687
892,‰–â}Žs,300036
893,ÎŠªŽs,75975
894,‘åt‘º,277905
895,—ì’¬,111205
896,‘å‰ÍŒ´’¬,342089
897,•x’JŽs,120315
898,—˜•{’¬,288589
899,‘½‰êéŽs,134778
900,å‘äŽs,201411
901,Šp“cŽs,480295
902,ìè’¬,137012
903,Žµƒ–•l’¬,337670
904,‰–â}Žs,364238
905,‘åt‘º,252261
906,–¼ŽæŽs,229838
907,‘å‹½’¬,451698
908,‘åèŽs,327798
909,‘ ‰¤’¬,191671
910,ÎŠªŽs,462066
911,‰–â}Žs,97512
912,å‘äŽs,430206
913,‘å‰ÍŒ´’¬,343295
914,¼“‡’¬,246168
915,ìè’¬,216138
916,å‘äŽs,407892
917,¼“‡’¬,461432
918,“Œ¼“‡Žs,371175
919,F–ƒ’¬,111238
920,‰Á”ü’¬,184991
921,ŠâÀŽs,262709
922,‘½‰êéŽs,357638
923,—ì’¬,248786
924,ÎŠªŽs,164766
925,”’ÎŽs,260739
926,“Œ¼“‡Žs,390945
927,•x’JŽs,226267
928,˜j—’¬,433277
929,—O’J’¬,418364
930,‘º“c’¬,73033
931,—˜•{’¬,154845
932,‘½‰êéŽs,343198
933,Šp“cŽs,491324
934,‘åèŽs,405354
935,”ü—¢’¬,459445
936,“o•ÄŽs,413380
937,ÎŠªŽs,185860
938,‘å‰ÍŒ´’¬,345039
939,•x’JŽs,427018
940,‘½‰êéŽs,468137
941,‹CåÀŽs,128417
942,—ì’¬,461539
943,‘åèŽs,483757
944,“ìŽO—¤’¬,406693
945,—˜•{’¬,174796
946,–¼ŽæŽs,318482
947,•x’JŽs,488483
948,‹CåÀŽs,103892
949,‹CåÀŽs,185574
950,¼“‡’¬,274506
951,ÎŠªŽs,314978
952,ŽRŒ³’¬,111114
953,—O’J’¬,469066
954,‘½‰êéŽs,231930
955,“o•ÄŽs,92488
956,ÎŠªŽs,159949
957,‘å˜a’¬,415376
958,ŒIŒ´Žs,325884
959,”ü—¢’¬,151918
960,‘½‰êéŽs,313815
961,‘ ‰¤’¬,242613
962,‘½‰êéŽs,241091
963,ŒIŒ´Žs,88839
964,ŽÄ“c’¬,173525
965,ŽÄ“c’¬,226564
966,—˜•{’¬,282235
967,ŒIŒ´Žs,153243
968,“Œ¼“‡Žs,339379
969,ŽÄ“c’¬,172751
970,‘å˜a’¬,60300
971,”ü—¢’¬,438250
972,‘½‰êéŽs,78609
973,”’ÎŽs,78500
974,å‘äŽs,405442
975,”ü—¢’¬,166844
976,•x’JŽs,162345
977,ŠâÀŽs,76105
978,‘½‰êéŽs,119626
979,‘å‹½’¬,139767
980,‘º“c’¬,267526
981,˜j—’¬,397156
982,ìè’¬,199702
983,“ìŽO—¤’¬,119935
984,‹CåÀŽs,362334
985,–¼ŽæŽs,180169
986,‰Á”ü’¬,53727
987,‘ ‰¤’¬,87881
988,‹CåÀŽs,268414
989,‘å˜a’¬,88705
990,‘½‰êéŽs,111695
991,‹CåÀŽs,388353
992,Žµƒ–h’¬,250010
993,F–ƒ’¬,267118
994,‰Á”ü’¬,151358
995,‘½‰êéŽs,58477
996,‘½‰êéŽs,477359
997,Žµƒ–•l’¬,168174
998,¼“‡’¬,261539
999,‘åt‘º,440534
1000,ÎŠªŽs,351843
