1,1,1,■■ 課題1100 --- 変数への代入と表示 ------------------------------------------
2,1,2,■■ 課題1200 --- 変数を用いた式の記述 ----------------------------------------
3,1,3,■■ 課題1300 --- 各算術演算子の確認 ------------------------------------------
4,1,4,■■ 課題1400 --- 変数を値(データ)の入れ物として使いまわす --------------------
5,1,5,■■ 課題1500 --- 変数を値(データ)の入れ物として使いまわす --------------------
6,1,6,■■ 課題1600 --- 変数を値(データ)の入れ物として使いまわす --------------------
7,1,7,■■ 課題1700 --- int型の＋側オーバーフローを実験する -------------------------
8,1,8,■■ 課題1800 --- int型の－側オーバーフローを実験する -------------------------
9,1,9,■■ 課題1900 --- double型の有効桁数を確認する --------------------------------
10,1,10,■■ 課題2000 --- double型の＋側オーバーフローを実験する ----------------------
11,1,11,■■ 課題2100 --- double型の－側オーバーフローを実験する ----------------------
12,1,12,■■ 課題2200 --- double型のアンダーフローを実験する --------------------------
13,1,13,■■ 課題2300 --- int型とdouble型の使い方を練習する ---------------------------
14,1,14,■■ 課題2350 --- int型とdouble型の使い方。消費税の計算 -----------------------
15,1,15,■■ 課題2400 --- もう少しだけ実用的な式を作る → 三角形の面積を求める --------
16,1,16,■■ 課題2500 --- 変数を効率良く使う。三角形の面積を2回求める -----------------
17,1,17,■■ 課題2600 --- 変数で汎用的に。コンピュータで連立一次方程式を解く ----------
18,1,18,■■ 課題2700 --- 変数を効率良く使う。3つの円柱を巻くのに必要な紐の長さは -----
19,1,19,■■ 課題2800 --- 三角関数 ～ 投げ出したボールの飛距離を計算する --------------
20,1,20,■■ 課題2900 --- より実用的に ～ 地球上の2地点間の距離を計算する -------------
21,1,21,■■ 課題3000 --- ロジック(処理手順)演習 --------------------------------------
22,1,22,■■ 課題3100 --- ロジック演習 part2 ------------------------------------------
23,1,23,■■ 課題3200 --- 文字型の実体は文字コードであることの確認 --------------------
24,1,24,■■ 課題3300 --- 文字型の実体は文字コードであることの確認 --------------------
25,1,25,■■ 課題3400 --- 文字列連結の方法 --------------------------------------------
26,1,26,■■ 課題3500 --- 大文字小文字変換処理 ----------------------------------------
27,1,27,■■ 課題3600 --- 暗号／復号の基礎 --------------------------------------------
28,1,28,■■ 課題3700 --- boolean型とは -----------------------------------------------
29,1,29,■■ 課題3800 --- boolean型変数 -----------------------------------------------
30,1,30,■■ 課題3900 --- 条件判定 ----------------------------------------------------
31,1,31,■■ 課題4000 --- 四捨五入 ----------------------------------------------------
32,1,32,■■ 課題4100 --- 月の足し算 --------------------------------------------------
33,1,33,■■ 課題4150 --- 月の足し算と引き算 ------------------------------------------
34,1,34,■■ 課題4200 --- 割引表による決定 --------------------------------------------
35,2,1,■■ 課題1100 --- 単純なif文 ～ 数くらべ---------------------------------------
36,2,2,■■ 課題1105 --- 単純なif文 ～ 数くらべ---------------------------------------
37,2,3,■■ 課題1110 --- 単純なif文 ～ 数くらべ---------------------------------------
38,2,4,■■ 課題1115 --- 単純なif文 ～ 数くらべ---------------------------------------
39,2,5,■■ 課題1120 --- 単純なif文 ～ 数くらべ---------------------------------------
40,2,6,■■ 課題1125 --- 単純なif文 ～ 数くらべ---------------------------------------
41,2,7,■■ 課題1200 --- elseブロックの利用 ～ 数くらべ ------------------------------
42,2,8,■■ 課題1205 --- elseブロックの利用 ～ 数くらべ ------------------------------
43,2,9,■■ 課題1210 --- elseブロックの利用 ～ 数くらべ ------------------------------
44,2,10,■■ 課題1215 --- elseブロックの利用 ～ 数くらべ ------------------------------
45,2,11,■■ 課題1220 --- elseブロックの利用 ～ 数くらべ ------------------------------
46,2,12,■■ 課題1225 --- elseブロックの利用 ～ 数くらべ ------------------------------
47,2,13,■■ 課題1300 --- 1つのif文 ～ 簡単なサイコロ ---------------------------------
48,2,14,■■ 課題1400 --- 式とif文 ～ 2つのサイコロ -----------------------------------
49,2,15,■■ 課題1500 --- 複数のif文を使う ～ 俳句の韻律入れ替え遊び ------------------
50,2,16,■■ 課題1525 --- 1つのif文 ～ 駅まで何で行きますか ---------------------------
51,2,17,■■ 課題1550 --- if文のネスト ～ 駅まで何で行きますか ------------------------
52,2,18,■■ 課題1600 --- 複数の条件 ～ 数くらべ --------------------------------------
53,2,19,■■ 課題1700 --- 条件式の書き換え ～ 数くらべ --------------------------------
54,2,20,■■ 課題1800 --- if文構造の書き換え ～ 数くらべ ------------------------------
55,2,21,■■ 課題1900 --- else ifの使用 ～ 割引表による判定 ---------------------------
56,2,22,■■ 課題2000 --- もうひと工夫にチャレンジ ------------------------------------
57,2,23,■■ 課題2100 --- if文のネスト ～ 料金判定 ------------------------------------
58,2,24,■■ 課題2200 --- if ～ else if ～ 絶対にコンピュータが勝つじゃんけん ---------
59,2,25,■■ 課題2225 --- if ～ else if ～ 絶対にコンピュータが負けるじゃんけん -------
60,2,26,■■ 課題2250 --- if ～ else if ～ ややコンピュータが勝つじゃんけん -----------
61,2,27,■■ 課題2275 --- if ～ else if ～ あいこも出してそれらしくじゃんけん ---------
62,2,28,■■ 課題2300 --- ガチンコでじゃんけん ----------------------------------------
63,2,29,■■ 課題2400 --- 浮動小数点型のワナ ～ 丸め誤差の実験 ------------------------
64,2,30,■■ 課題2425 --- 浮動小数点型のワナ ～ 端数処理 ------------------------------
65,2,31,■■ 課題2500 --- 文字種の判定 ------------------------------------------------
66,2,32,■■ 課題2600 --- うるう年の判定 ----------------------------------------------
67,3,1,■■ 課題1100 --- 単純なswitch文 ～ 入力された値を表示-------------------------
68,3,2,■■ 課題1150 --- 単純なswitch文 ～ 2つのサイコロ -----------------------------
69,3,3,■■ 課題1200 --- 単純なswitch文 ～ 月の日数を表示 ----------------------------
70,3,4,■■ 課題1400 --- breakを使わないswitch文 ～ この免許で運転できるのは？ -------
71,3,5,■■ 課題1500 --- breakを使う／使わない ～ 動きをランダムに指示 ---------------
72,3,6,■■ 課題1550 --- breakを使う／使わない ～ 動きをランダムに指示 を変更---------
73,3,7,■■ 課題1600 --- caseの中を複数文に ～ 絶対にコンピュータが勝つじゃんけん ----
74,3,8,■■ 課題1700 --- switch文のネスト ～ 料金判定 --------------------------------
75,3,9,■■ 課題1800 --- switch文のネスト ～ ガチンコでじゃんけん --------------------
76,3,10,■■ 課題1850 --- switch文のネスト ～ 少し込み入った料金判定 ------------------
77,3,11,■■ 課題1900 --- switch文での区間判定 ～ 割引表による決定 --------------------
78,3,12,■■ 課題2000 --- switch文での区間判定 ～ 割引表による判定 --------------------
79,4,1,■■ 課題1100 --- switch文の中にif文 ～ 月の日数を表示 をちょっと改善 ---------
80,5,1,■■ 課題1100 --- 単純なwhile文 ～ 数字を表示(for文と比較しよう) --------------
81,5,2,■■ 課題1200 --- 単純なwhile文 ～ 数字を表示(for文と比較しよう) --------------
82,5,3,■■ 課題1300 --- 単純なwhile文 ～ 数字を表示(for文と比較しよう) --------------
83,5,4,■■ 課題1400 --- 単純なwhile文 ～ 数字を表示(for文と比較しよう) --------------
84,5,5,■■ 課題1500 --- 単純なwhile文 ～ 数字を表示(for文と比較しよう) --------------
85,5,6,■■ 課題1600 --- 単純なwhile文 ～ 数字を表示(for文と比較しよう) --------------
86,5,7,■■ 課題1700 --- while文の使い処 ～ 0を入力するまで繰り返す ------------------
87,5,8,■■ 課題1800 --- while文の使い処 ～ 特定の値が出るまで繰り返す ---------------
88,5,9,■■ 課題1900 --- while文の使い処 ～ 条件が満たされるまで繰り返す -------------
89,5,10,■■ 課題2000 --- do～while文の使い処 ～ 最初の1回は必ず実行 ------------------
90,5,11,■■ 課題2100 --- while文の使い処 ～ 入力された文字を判定 ---------------------
91,5,12,■■ 課題2200 --- while文の使い処 ～ 数を当てる -------------------------------
92,5,13,■■ 課題2300 --- while文のネスト ～ 数当てを繰り返す -------------------------
93,5,14,■■ 課題2400 --- 10秒以内に何問の足し算を正答できるか ------------------------
94,5,15,■■ 課題2500 --- 10進数→2進数変換 -------------------------------------------
95,5,16,■■ 課題2600 --- 2進数→10進数変換 -------------------------------------------
96,5,17,■■ 課題5000 --- 無限級数 ----------------------------------------------------
97,6,1,■■ 課題1100 --- 単純なfor文 ～ 数字を表示 -----------------------------------
98,6,2,■■ 課題1200 --- 単純なfor文 ～ 数字を表示 -----------------------------------
99,6,3,■■ 課題1300 --- 単純なfor文 ～ 数字を表示 -----------------------------------
100,6,4,■■ 課題1400 --- 単純なfor文 ～ 数字を表示 -----------------------------------
101,6,5,■■ 課題1500 --- 単純なfor文 ～ 数字を表示 -----------------------------------
102,6,6,■■ 課題1600 --- 単純なfor文 ～ 数字を表示 -----------------------------------
103,6,7,■■ 課題1650 --- 単純なfor文 ～ 入力された数値の合計を計算 -------------------
104,6,8,■■ 課題1700 --- 単純なfor文 ～ 文字を表示 -----------------------------------
105,6,9,■■ 課題1720 --- for文のネスト ～ 文字を表示 ---------------------------------
106,6,10,■■ 課題1800 --- for文のネスト ～ 文字を表示 ---------------------------------
107,6,11,■■ 課題1900 --- for文のネスト ～ 九九表を表示 -------------------------------
108,6,12,■■ 課題2000 --- for文のネスト ～ sin波グラフを表示 --------------------------
109,6,13,■■ 課題5000 --- 極小の数値を加算する ----------------------------------------
110,6,14,■■ 課題5100 --- 0.1を繰り返し加算する ---------------------------------------
111,7,1,■■ 課題1100 --- for文の中にwhile文 ～ サイコロの特定の目が出るまでの回数 ----
112,7,2,■■ 課題1200 --- 秒カウンタ --------------------------------------------------
113,8,1,■■ 課題1000 --- 配列の内容を横並びに表示する --------------------------------
114,8,2,■■ 課題1020 --- 配列の内容を横並びに2行表示する -----------------------------
115,8,3,■■ 課題1100 --- 配列にデータを入れる ----------------------------------------
116,8,4,■■ 課題1120 --- 配列の任意のデータを表示する --------------------------------
117,8,5,■■ 課題1125 --- 配列の内容から特定の値を探す(線形探索) ----------------------
118,8,6,■■ 課題1130 --- 配列の任意の要素を削除する ----------------------------------
119,8,7,■■ 課題1140 --- 配列の任意の要素に値を挿入する ------------------------------
120,8,8,■■ 課題1150 --- 配列の内容を逆順にする --------------------------------------
121,8,9,■■ 課題1200 --- 配列の内容をシャッフルする ----------------------------------
122,8,10,■■ 課題1250 --- 配列の内容をシャッフルする別方法 ----------------------------
123,8,11,■■ 課題1500 --- 配列の内容を横並びに2行、値をずらして表示する ---------------
124,8,12,■■ 課題1600 --- 配列の内容を値をずらしながら横並びに表示する ----------------
125,8,13,■■ 課題1620 --- 配列内の最大値を最後尾に移動して、横並びに表示する ----------
126,8,14,■■ 課題1640 --- 入力された値を降順に並べながら配列に格納する ----------------
127,8,15,■■ 課題1700 --- 入力データから、上位データを収集する ------------------------
128,8,16,■■ 課題3000 --- 配列の内容を並び替える(挿入ソート) --------------------------
129,8,17,■■ 課題3100 --- 成績情報を並び替える ----------------------------------------
130,8,18,■■ 課題3120 --- 成績情報を並び替え、集計情報を表示する ----------------------
131,8,19,■■ 課題3200 --- 二次元配列を操作 ～ 左右反転 --------------------------------
132,8,20,■■ 課題3210 --- 二次元配列を操作 ～ 上下反転 --------------------------------
133,8,21,■■ 課題3220 --- 二次元配列を操作 ～ 斜め反転 --------------------------------
134,8,22,■■ 課題3230 --- 二次元配列を操作 ～ 90度回転 --------------------------------
135,9,1,■■ 課題0910 --- 2つの整数の最大公約数を求める(ユークリッドの互除法) ---------
136,9,2,■■ 課題1010 --- 整数が素数かどうかを調べる ----------------------------------
137,9,3,■■ 課題1020 --- ある整数より大きい整数のうち、最も小さい素数を探す ----------
138,9,4,■■ 課題1030 --- 整数がある素数で何回割れるかを表示する ----------------------
139,9,5,■■ 課題1040 --- 素因数分解をする --------------------------------------------
140,9,6,■■ 課題2000 --- 最大値を配列の左端に移動する --------------------------------
141,9,7,■■ 課題2003 --- トップ2の値を配列の左端に移動する ---------------------------
142,9,8,■■ 課題2005 --- バブルソート ------------------------------------------------
143,9,9,■■ 課題2010 --- 改良バブルソート --------------------------------------------
144,9,10,■■ 課題2013 --- 最大値の探索 ------------------------------------------------
145,9,11,■■ 課題2014 --- 最大値を配列の左端に移動する2 -------------------------------
146,9,12,■■ 課題2015 --- トップ2の値を配列の左端に移動する2 --------------------------
147,9,13,■■ 課題2020 --- 選択ソート --------------------------------------------------
148,9,14,■■ 課題2030 --- シェルソート(改良挿入ソート) --------------------------------
149,9,15,■■ 課題3000 --- 配列内容の左右どちらにあるかを表示 --------------------------
150,9,16,■■ 課題3003 --- 配列内容の左右の中の、さらに左右どちら側にあるかを表示 ------
151,9,17,■■ 課題3010 --- 配列の内容から特定の値を探す(二分探索) ----------------------
152,9,18,■■ 課題3013 --- 二分木構造を配列で表現する ----------------------------------
153,9,19,■■ 課題3015 --- 配列を二分探索木として、値を格納する ------------------------
154,9,20,■■ 課題3020 --- 二分探索木を使用した探索 ------------------------------------
155,9,21,■■ 課題3030 --- 二分探索木の内容を降順に表示 --------------------------------
156,9,22,■■ 課題3040 --- ハッシュ探索 ------------------------------------------------
157,9,23,■■ 課題3050 --- ハッシュ探索 ～ シノニム対策 --------------------------------
158,9,24,■■ 課題4000 --- 配列に順番にデータを入れる ----------------------------------
159,9,25,■■ 課題4010 --- 配列から逆順にデータを取り出す ------------------------------
160,9,26,■■ 課題4020 --- スタックを実現する ------------------------------------------
161,9,27,■■ 課題4050 --- 配列に順番にデータを入れる ----------------------------------
162,9,28,■■ 課題4060 --- 配列から順にデータを取り出す --------------------------------
163,9,29,■■ 課題4070 --- キュー(FIFO)を実現する --------------------------------------
164,9,30,■■ 課題5000 --- リストを辿る ------------------------------------------------
165,9,31,■■ 課題5010 --- リストを辿る ～ 歯抜けの配列 --------------------------------
166,9,32,■■ 課題5020 --- リストに追加する --------------------------------------------
167,9,33,■■ 課題5030 --- 任意のデータを任意の位置に追加する --------------------------
168,9,34,■■ 課題5040 --- リストから削除する ------------------------------------------
169,9,35,■■ 課題5050 --- 任意の位置のデータを削除する --------------------------------
170,9,36,■■ 課題5060 --- リスト構造の完成 --------------------------------------------
171,9,37,■■ 課題5070 --- 双方向リストへの拡張 ----------------------------------------
172,10,1,■■ 課題1010 --- 整数が素数かどうかを調べる ----------------------------------
173,10,2,■■ 課題1020 --- ある整数より大きい整数のうち、最も小さい素数を探す ----------
174,10,3,■■ 課題1030 --- 素因数分解をする --------------------------------------------
175,10,4,■■ 課題1110 --- じゃんけんプログラム ----------------------------------------
176,10,5,■■ 課題1210 --- カレンダーを表示する ----------------------------------------
177,10,6,■■ 課題2000 --- 標準APIのMathクラスにはないメソッドを持つクラスを作る -------
178,10,7,■■ 課題2010 --- スタックを実現するクラスを作る ------------------------------
179,10,8,■■ 課題2020 --- キューを実現するクラスを作る --------------------------------
180,10,9,■■ 課題5010 --- 迷路を解く --------------------------------------------------
181,11,1,■■ 課題1010 --- コンストラクタ ～ スタックを実現するクラスを改造する --------
182,11,2,■■ 課題1020 --- コンストラクタ ～ キューを実現するクラスを改造する ----------
183,11,3,■■ 課題1030 --- コンストラクタ ～ リストを実現するクラスを作る --------------
184,11,4,■■ 課題1110 --- サイズが自動的に変化するスタック ----------------------------
185,11,5,■■ 課題1120 --- サイズが自動的に変化するキュー ------------------------------
186,11,6,■■ 課題1130 --- サイズが自動的に変化するリスト ------------------------------
187,11,7,■■ 課題2010 --- 貸出システムのメニュー画面を作成する ------------------------
188,11,8,■■ 課題2020 --- 会員を表すクラスを作成する ----------------------------------
189,11,9,■■ 課題2030 --- 会員を表すクラスを改良する ----------------------------------
190,12,1,■■ 課題1010 --- あらゆるオブジェクトを扱えるスタック ------------------------
191,12,2,■■ 課題1020 --- あらゆるオブジェクトを扱えるキュー --------------------------
192,12,3,■■ 課題1030 --- あらゆるオブジェクトを扱えるリスト --------------------------
193,12,4,■■ 課題1130 --- ジェネリクス ～ 型指定できるリスト --------------------------
194,12,5,■■ 課題2010 --- 貸出システムのメニュー画面の内部処理を改善する --------------
195,12,6,■■ 課題2020 --- 特別会員を表すクラスを作成する ------------------------------
196,12,7,■■ 課題2030 --- 継承 ～ 特別会員を表すクラスを作成する ----------------------
1,変数課題
2,if文課題
3,switch文課題
4,if文とswitch文課題
5,while文課題
6,for文課題
7,for文とwhile文課題
8,配列課題
9,アルゴリズム課題
10,メソッド課題
11,クラスとインスタンス課題
12,継承・多態性課題
