P001,HTML/CSS/JavaScript,2460
P002,Java言語の基本,2880
P003,基本情報技術者試験対策,1880
P004,プログラミングの基本,18000
P005,AI革命: 次世代技術のすべて,15000
P006,データサイエンス入門,12000
P007,クラウドコンピューティングの未来,17000
P008,Pythonで始める機械学習,14000
P009,セキュリティと暗号化の基礎,11000
P010,ソフトウェアアーキテクチャの設計,19000
P011,ロボティクス技術の革新,16500
P012,デジタルマーケティングの実践,12500
P013,IoT時代のネットワーク管理,13000
P014,人工知能と倫理,16000
P015,ビッグデータ解析の手法,17500
P016,スマートシティと未来の生活,14500
P017,アルゴリズム設計の原理,13500
P018,ITプロジェクト管理,15000
P019,モバイルアプリ開発,15500
P020,データベース管理システム,12000
P021,分散コンピューティングの実践,19000
P022,機械学習と深層学習,14000
P023,量子コンピューティングの展望,20000
P024,オープンソース文化,11000
P025,サイバーセキュリティの未来,17000
P026,自然言語処理の基礎,15000
P027,拡張現実と仮想現実の応用,13000
P028,ITリーダーシップと戦略,16000
P029,システム設計と実装,18000
P030,データ可視化の実践,14000
P031,ディープラーニング応用例,14500
P032,次世代通信技術 5G,15500
P033,バイオインフォマティクス入門,13500
P034,IT業界のキャリア戦略,12500
P035,クラウドサービスの活用,13000
P036,スマートデバイス開発,15000
P037,リスク管理とセキュリティ,17500
P038,人工知能と教育改革,16000
P039,エッジコンピューティングとは,14500
P040,ウェブデザインの基本,12500
P041,最新のITトレンド,13500
P042,ハッキングの手法と対策,15000
P043,ビジネスのためのIT戦略,16500
P044,数学とコンピュータサイエンス,14000
P045,データエンジニアリング,19000
P046,イノベーションとITスタートアップ,18000
P047,ネットワークセキュリティ,12000
P048,人工知能とヘルスケア,17000
P049,アルゴリズムの構築,15000
P050,ブロックチェーン技術,13500
P051,プログラム効率化の秘訣,11000
P052,ディープラーニングの応用,14000
P053,情報理論入門,13000
P054,デジタルトランスフォーメーション,16000
P055,知能システムの設計,17500
P056,クラウド管理と自動化,15500
P057,AIと社会の未来,16500
P058,IT法と倫理,12500
P059,UXデザインの基本,15000
P060,仮想環境の構築,14000
P061,デジタル化の進展,18000
P062,自動運転技術の革新,16000
P063,データ駆動型組織,14500
P064,コンピュータネットワークの基礎,13000
P065,マイクロサービスアーキテクチャ,15000
P066,ARとVR開発ガイド,17000
P067,ITイノベーションの歴史,18000
P068,グリーンITと持続可能性,16000
P069,プログラミングパラダイム,13500
P070,分散システムの応用,15500
P071,クラウドのメリットと課題,14000
P072,AI開発の倫理とガイドライン,17500
P073,ハードウェア設計の基本,12500
P074,ニューロモルフィックコンピューティング,20000
P075,最新のモバイル技術,15500
P076,AI時代のビジネスモデル,14500
P077,ネットワーク管理入門,12000
P078,IoTのセキュリティ対策,13500
P079,自動化と効率化,16000
P080,機械学習プロジェクトの進め方,15000
P081,AI音声認識システム,13000
P082,データベース最適化,16500
P083,拡張可能なアーキテクチャ設計,18000
P084,IT戦略と経営管理,17000
P085,仮想化技術入門,14000
P086,セキュリティテストの実践,14500
P087,人工知能と芸術,15500
P088,ディープフェイク技術,13000
P089,情報セキュリティの基本,12500
P090,デジタルイノベーションの未来,13500
P091,次世代ロボティクス,15000
P092,AIと自動運転車,17500
P093,高度なプログラミングテクニック,14000
P094,ネットワーク設計の手法,16000
P095,ビッグデータの活用,19000
P096,量子コンピューティングの応用,18000
P097,IoTと産業の革新,17000
P098,AIを活用した医療技術,14500
P099,セキュリティポリシーの作成,13000
P100,システムインテグレーションの基礎,15000
P101,次世代エネルギー技術,16000
P102,ロボティクスの未来技術,18000
P103,クラウドプラットフォーム戦略,17500
P104,量子情報理論の基礎,20000
P105,AIと持続可能な開発,15500
P106,次世代エネルギー管理,14000
P107,コンピュータビジョン入門,16000
P108,ハイパフォーマンスコンピューティング,19500
P109,スマートホーム技術の実装,13000
P110,センサネットワークの応用,15000
P111,仮想現実とユーザー体験,17000
P112,IT業界の未来展望,16500
P113,インターネットアーキテクチャ,14000
P114,分散システム設計原理,14500
P115,AI主導型の農業革新,15000
P116,スマートグリッドの概要,17500
P117,ブロックチェーンと金融,19000
P118,AIによる健康管理,15500
P119,セキュリティ分析の基本,12500
P120,データ統合とエンタープライズ活用,13500
P121,クラウドバックエンド開発,15000
P122,量子計算と暗号化,20000
P123,スマートロボット技術,18000
P124,ARの医療応用,17000
P125,ITシステム最適化の手法,14500
P126,データ処理のベストプラクティス,13000
P127,高度なサイバーセキュリティ対策,15500
P128,エッジAIとリアルタイム処理,16500
P129,ソフトウェア開発ライフサイクル,14000
P130,デジタルヘルス革命,12500
P131,知識グラフとAIアプリケーション,17500
P132,拡張可能なモジュール設計,13500
P133,5G通信とその応用,16000
P134,AIリスク管理フレームワーク,15000
P135,クラウドネイティブアプリケーション,15500
P136,次世代ITリーダーシップ,19000
P137,ディープラーニングの最前線,17000
P138,データ暗号化とプライバシー,14000
P139,自動化の進展と未来,15000
P140,ネットワーク構築戦略,18000
P141,持続可能なITインフラ,16000
P142,AIとIoTの統合技術,14500
P143,プライバシー重視のAI,13500
P144,人工知能と災害予測,17500
P145,ハイパフォーマンスデータ処理,20000
P146,オープンデータの活用,12500
P147,AIにおける倫理的課題,15000
P148,未来の金融テクノロジー,16500
P149,セマンティックウェブ技術,13000
P150,クラウドベースのモニタリング,14000
P151,次世代ITソリューション,18000
P152,インテリジェントシステムの未来,17000
P153,量子コンピューティングとクラウド,19000
P154,ITセキュリティポリシーの構築,16000
P155,機械学習アルゴリズムの設計,15000
P156,次世代データ分析プラットフォーム,18000
P157,人工知能による画像認識,14000
P158,ブロックチェーンの技術革新,17500
P159,拡張現実の新しい可能性,15500
P160,自律型ロボットのプログラミング,13000
P161,クラウドアーキテクチャの設計,20000
P162,データ暗号化の最新技術,16000
P163,ITインフラの最適化,14000
P164,量子物理学と計算技術,19500
P165,インターネットオブエブリシングの将来,17500
P166,スマートデバイスのセキュリティ,12500
P167,ニューラルネットワークの進化,18000
P168,クラウドベースのAIツール,15000
P169,デジタル変革の成功事例,13500
P170,AIによる言語翻訳技術,17000
P171,ビッグデータ活用のベストプラクティス,16500
P172,持続可能なITソリューション,14500
P173,エッジコンピューティングとAI統合,16000
P174,次世代通信プロトコル,14000
P175,セマンティック検索の基礎,15500
P176,スマートグリッド管理システム,18000
P177,ディープラーニングによる予測分析,17500
P178,AIを利用した医療診断,14000
P179,ロボティクスと環境技術,19000
P180,ウェブ開発の最新トレンド,12500
P181,デジタルマーケティングの戦略,15000
P182,ブロックチェーンと規制対応,16000
P183,仮想現実の教育応用,13000
P184,クラウドコンピューティングとデータ統合,18500
P185,人工知能と自律システム,17000
P186,ニューラルネットワークアーキテクチャ,20000
P187,プライバシー保護のための技術,14500
P188,情報処理と効率化,14000
P189,IoTによる産業革命,17500
P190,スマートロボットの設計原理,16000
P191,次世代AIプラットフォーム,18000
P192,セキュリティテクノロジーの最新動向,15000
P193,5G技術とその影響,13500
P194,AIによるリスクモデリング,19000
P195,エッジネットワークの設計,14000
P196,データ処理アルゴリズムの最適化,16500
P197,インテリジェントアプリケーションの開発,15500
P198,機械学習によるデータ分析,16000
P199,AIと農業技術,18000
P200,スマートグリッドとエネルギー管理,16500
P201,AIアシスタントの設計と実装,15000
P202,次世代通信技術とネットワーク,18000
P203,デジタルマーケティングの進化,14500
P204,高度なアルゴリズム解析,17000
P205,ITによる企業戦略,14000
P206,スマートセンサーシステム,15500
P207,クラウドセキュリティの基礎,17500
P208,機械学習モデルの最適化,19000
P209,AIと自然言語生成,16000
P210,仮想現実の次世代応用,13500
P211,IT業界の最新動向,15000
P212,量子コンピューティングと未来の技術,20000
P213,データ可視化とインタラクティブ分析,18000
P214,セキュリティインシデント管理,16500
P215,AIを用いた教育改革,14500
P216,ディープラーニングとコンピュータビジョン,16000
P217,分散型台帳技術,15500
P218,次世代IoTプラットフォーム,14000
P219,IT変革の基礎,12500
P220,エッジコンピューティングの可能性,17500
P221,AI主導型ビジネスモデル,14500
P222,クラウドコンピューティングの基礎,13000
P223,ニューラルネットワークによる画像処理,16000
P224,高度なITアーキテクチャ設計,19000
P225,ディープラーニングと強化学習,17000
P226,デジタルトレンドの分析,14000
P227,AI倫理と法的課題,13500
P228,次世代通信技術のインパクト,15500
P229,ロボット工学の新潮流,18000
P230,人工知能と音声認識,15000
P231,IoT時代のセキュリティ,16500
P232,ITプロジェクト成功の鍵,14500
P233,仮想化とクラウドインフラ,15500
P234,ブロックチェーンによる革新,17500
P235,量子機械学習入門,20000
P236,次世代のソフトウェア工学,17000
P237,スマート農業の技術革新,18000
P238,AIと予測分析,16500
P239,ネットワークのセキュリティ基礎,14500
P240,データ統合プラットフォーム,13000
P241,仮想現実とインタラクションデザイン,15000
P242,ディープラーニングの基礎,16000
P243,プログラム最適化技法,13500
P244,次世代エネルギー技術とAI,17500
P245,高度なセキュリティプロトコル,19000
P246,AIを用いた診断技術,16000
P247,ロボティクスとオートメーション,14000
P248,デジタル社会とセキュリティ,15000
P249,スマートロボットとオートメーション,16000
P250,クラウドベースのデータ暗号化,18000
P251,仮想環境におけるセキュリティ,14500
P252,分散型ネットワークの設計,15500
P253,量子コンピューティングの未来,20000
P254,IoTデバイスとセキュリティ管理,19000
P255,次世代通信技術の標準化,17000
P256,AIによる音声合成技術,14000
P257,ネットワークインフラの最適化,15000
P258,クラウドコンピューティングの応用例,16500
P259,ビッグデータとクラウド統合,17500
P260,ロボティクス設計とシミュレーション,13000
P261,IT変革を支える技術,15500
P262,セマンティック分析の応用,18000
P263,AIアプローチの実践,14000
P264,量子暗号化とデータセキュリティ,14500
P265,IoTの未来展望,16000
P266,AIを利用した医療研究,17000
P267,スマート農業の技術,16500
P268,情報理論に基づくセキュリティ,15000
P269,次世代のクラウドサービス,19000
P270,ニューラルネットワークによる予測分析,15500
P271,分散システムと信頼性管理,13500
P272,AIによる知識管理システム,14500
P273,ITインフラと災害復旧計画,16000
P274,クラウド技術の経済的影響,15000
P275,ロボット制御技術の最新動向,17500
P276,分散型台帳技術の応用,19000
P277,データ可視化と分析基盤,18000
P278,IT資産管理の基本,14000
P279,エッジコンピューティングの進化,16500
P280,AI技術の社会的影響,15000
P281,デジタル化の促進と変革,17000
P282,スマートデバイスのプライバシー管理,13000
P283,ネットワークデザインと最適化,14000
P284,量子計算による問題解決,19000
P285,AIベースの予測モデル,16000
P286,クラウドセキュリティアーキテクチャ,17500
P287,ロボティクスと人間協調技術,18000
P288,AIリーダーシップと管理戦略,13500
P289,IoTシステムの設計,15500
P290,次世代通信技術による教育革命,14500
P291,仮想環境の分析と設計,15000
P292,高度なデータ分析ツール,16500
P293,AIによるソーシャルメディア分析,17500
P294,クラウドバックアップ戦略,13000
P295,デジタルヘルスの未来,14000
P296,スマートセキュリティと監視システム,15000
P297,AIとバイオメトリクス,14000
P298,クラウドコンピューティングのセキュリティ課題,18000
P299,ITインフラの効率化,16000
P300,データマイニングとその応用,15500
P301,ディープラーニングによる画像生成,17500
P302,IoTデバイス間通信の最適化,13000
P303,量子計算と暗号理論,20000
P304,AIを活用した交通管理システム,17000
P305,ニューラルネットワークの拡張,16500
P306,クラウドとモバイルの統合,14500
P307,AI時代の倫理的挑戦,15000
P308,ロボティクスと環境技術の未来,13500
P309,ITガバナンスとコンプライアンス,15500
P310,スマートホームとIoT統合,18000
P311,AIを使ったエネルギー効率化,16000
P312,高度なデータマネジメント戦略,17500
P313,クラウドアプリケーションの開発,14500
P314,ディープラーニングのトレーニング手法,14000
P315,次世代ITトレンド,15500
P316,拡張現実の教育活用,15000
P317,スマートシティ設計の未来,18000
P318,量子情報処理の最新動向,19500
P319,クラウドデータの最適化と統合,17000
P320,人工知能とソーシャルメディア,13500
P321,デジタル時代のITリーダーシップ,16000
P322,次世代セキュリティフレームワーク,15000
P323,AIを活用したリスク予測,17500
P324,エッジコンピューティングによる効率化,15500
P325,ディープラーニングと医療画像分析,14000
P326,ITの社会的インパクト,19000
P327,AIを使った農業最適化,18000
P328,ビッグデータ処理の課題と解決策,16500
P329,分散型データベースの基本,14500
P330,IoTセキュリティの新潮流,13000
P331,ニューラルネットワークによる音声認識,17000
P332,ロボティクス工学の進化,15500
P333,スマートデバイスとクラウドの統合,14000
P334,AIベースの音声アシスタント開発,15000
P335,次世代通信技術の展望,18000
P336,クラウド管理ツールの最新技術,13500
P337,持続可能なITインフラ構築,16500
P338,ディープラーニングと自然言語処理,17500
P339,AIを利用したフィンテック技術,15000
P340,IoTとブロックチェーンの融合,16000
P341,次世代のネットワーク管理技術,19000
P342,クラウドによるデータ保護,18000
P343,持続可能なデータ管理戦略,15000
P344,クラウドコンピューティングの新しい可能性,16000
P345,AIによるバイオインフォマティクス分析,14000
P346,デジタルマーケティングと分析技術,17500
P347,仮想化とクラウドインフラストラクチャ,18000
P348,IoT時代のセキュリティモデル,19000
P349,分散型コンピューティングの基礎,13500
P350,量子情報理論と暗号化技術,20000
P351,スマートデバイスとネットワーク統合,15500
P352,AI主導型のリスク管理戦略,17000
P353,クラウドプラットフォームの設計,14500
P354,データ可視化の最前線,14000
P355,次世代通信技術の実践,18000
P356,ニューラルネットワークの医療応用,15000
P357,持続可能なIT運用管理,16500
P358,ディープラーニングと自律システム,17500
P359,仮想環境の効率化,16000
P360,クラウドセキュリティの現状,13000
P361,スマートグリッドとクラウド技術,15000
P362,高度なネットワーク設計の基礎,14000
P363,分散システムとAI統合,18000
P364,持続可能なロボティクス設計,17500
P365,クラウドにおけるデータ保護,19000
P366,AIによるコンテンツ生成,15000
P367,IoTとセンサーネットワークの設計,16500
P368,ITインフラと拡張可能性,17000
P369,ディープラーニングによる音声処理,14000
P370,AI倫理と社会的インパクト,13500
P371,クラウドプラットフォームによる効率化,15500
P372,量子コンピューティングの応用事例,20000
P373,ネットワークの効率化と設計,16000
P374,AIを活用したビジネス分析,17500
P375,スマートロボットの制御技術,18000
P376,次世代通信技術と教育応用,14500
P377,ディープラーニングによる画像分析,15500
P378,データ駆動型の意思決定,13500
P379,仮想現実の設計と応用,14000
P380,AIを用いた環境技術,19000
P381,クラウドセキュリティとプライバシー管理,15000
P382,ニューラルネットワークによる効率化,16500
P383,IoTデバイスの最適化,15500
P384,次世代ITリーダーシップの役割,14000
P385,持続可能な通信技術,18000
P386,ディープラーニングとAI技術の未来,17000
P387,クラウド技術によるコスト削減,13500
P388,仮想化プラットフォームの設計,16000
P389,AIによる自然言語理解,17500
P390,スマートデバイスとユーザーエクスペリエンス,15000
P391,次世代通信プロトコルの研究,18000
P392,持続可能なクラウド技術の未来,16500
P393,人工知能とロボティクスの協調,15000
P394,次世代通信技術とデータ暗号化,17500
P395,ディープラーニングによる画像分類,18000
P396,スマートデバイスとセンサーテクノロジー,14500
P397,クラウドプラットフォームとエッジ統合,16000
P398,AIによる交通予測システム,17000
P399,ニューラルネットワークの強化学習,13500
P400,次世代のネットワークセキュリティ,15500
P401,スマート農業技術の設計,15000
P402,仮想現実による教育革新,18000
P403,デジタル時代のプライバシー管理,16500
P404,量子暗号化と情報セキュリティ,19000
P405,クラウドコンピューティングとAI,14000
P406,IoTシステムの標準化,16000
P407,AIを利用した環境モニタリング,15000
P408,スマートシティの設計と実装,18000
P409,次世代アルゴリズムの研究,17000
P410,ディープラーニングと医療技術,15500
P411,AIを用いたリソース最適化,14500
P412,クラウド基盤の最新技術,17500
P413,スマートデバイスのプライバシー保護,14000
P414,IoTとビッグデータの統合,16000
P415,ニューラルネットワークによる音声合成,13500
P416,分散型システムの効率化,15000
P417,持続可能なエネルギー管理技術,19000
P418,AIが変えるヘルスケアの未来,17000
P419,次世代ロボット制御システム,18000
P420,クラウドベースのセキュリティフレームワーク,15500
P421,量子コンピューティングとAIの融合,20000
P422,仮想環境での効率化ソリューション,16000
P423,ディープラーニングによるコンテンツ生成,14500
P424,スマートデバイスの進化,17500
P425,ITガバナンスとクラウド管理,14000
P426,ネットワーク最適化技術の応用,15000
P427,AIによる教育テクノロジー,16500
P428,セキュリティポリシーの自動化,18000
P429,AIと次世代のモバイル技術,17000
P430,分散型ネットワークの未来,15500
P431,量子技術とデータ処理,19000
P432,クラウドアプリケーションの統合,16000
P433,持続可能なIT設計,15000
P434,AIを活用したエネルギー管理,14000
P435,ディープフェイクとそのセキュリティ,13500
P436,仮想化によるITコスト削減,17500
P437,スマートデバイスのセキュリティ強化,16500
P438,次世代通信インフラの設計,18000
P439,AI時代の持続可能な設計技術,16500
P440,クラウドとセキュリティ統合,14000
P441,量子技術とAI融合,19000
P442,ニューラルネットワークの多機能応用,15000
P443,ディープラーニングによる医療分析,16000
P444,スマートセンサーの技術革新,14500
P445,持続可能なロボット工学,15500
P446,クラウドによる効率化戦略,17000
P447,次世代通信技術の拡張,14000
P448,AIを活用した教育技術,13500
P449,ディープラーニングの現状と未来,15000
P450,スマートデバイスの利用向上技術,18000
P451,仮想化技術の社会的効果,16500
P452,クラウドアプリケーションの効率化,17500
P453,量子コンピューティングの最新研究,20000
P454,AIベースのリソース管理,16000
P455,ニューラルネットワークと音声認識技術,15500
P456,ITガバナンスの新しい視点,14500
P457,持続可能なエネルギー管理,13500
P458,クラウド技術によるデータ統合,17000
P459,次世代通信技術とVR応用,19000
P460,ロボティクス設計と環境技術,14000
P461,ディープフェイク検出技術,15000
P462,クラウドコンピューティングと倫理,16500
P463,AIを活用した農業技術,17500
P464,仮想化によるネットワーク効率化,16000
P465,持続可能なIT運用,14500
P466,IoTとクラウド技術の連携,15000
P467,スマートロボットの自律機能,18000
P468,量子技術による暗号化ソリューション,20000
P469,ニューラルネットワークの進展,15500
P470,クラウドプラットフォームの設計と実践,16500
P471,AIによる交通管理の未来,14000
P472,次世代通信プロトコルの革新,17000
P473,持続可能なIT設計技術,15000
P474,ディープラーニングと環境予測,18000
P475,仮想化技術の拡張可能性,16000
P476,AIベースの健康管理,13500
P477,次世代ITリーダーシップの設計,14500
P478,スマートデバイスの効率化技術,15500
P479,クラウドセキュリティによるプライバシー保護,19000
P480,量子コンピューティングと産業応用,17500
P481,AIによるリアルタイム解析,14000
P482,持続可能なネットワーク設計,18000
P483,スマートロボットと環境技術の調和,16500
P484,ディープラーニングとAIの統合,16000
P485,持続可能なクラウド設計,15000
P486,AIを活用した音声処理技術,14000
P487,次世代通信技術の進化,18000
P488,ニューラルネットワークによる教育技術,17000
P489,分散システムと信頼性の向上,15500
P490,クラウドセキュリティの課題と解決策,16500
P491,量子コンピューティングの基盤技術,20000
P492,AIによるデータ駆動型予測,17500
P493,仮想現実と拡張現実の統合,14500
P494,スマートシティの運用と管理,15000
P495,クラウドコンピューティングの新展開,17000
P496,次世代のセキュリティ設計,19000
P497,AI技術とモビリティの未来,16000
P498,データ可視化ツールの最前線,14000
P499,持続可能なデジタル社会の構築,17500
P500,ニューラルネットワークによる信号処理,16500
P501,AIを活用したクリエイティブ産業,15500
P502,次世代通信技術とスマート農業,18000
P503,量子コンピューティングの活用例,19500
P504,クラウドとIoTの相乗効果,15000
P505,ディープラーニングの新しい応用,17000
P506,スマートデバイスのセキュリティ更新,14500
P507,AIによるネットワーク分析,16000
P508,クラウドバックエンドの新技術,18000
P509,ディープラーニングとロボティクス,17500
P510,ニューラルネットワークによる音声強調,14000
P511,持続可能なエネルギーとIT技術,13500
P512,次世代のデータ管理手法,15000
P513,クラウドアプリケーションの統合と最適化,16500
P514,AIを活用した医療技術の革新,15500
P515,スマートデバイスとユーザーインターフェース,17000
P516,ディープラーニングによるリアルタイム分析,14500
P517,仮想化プラットフォームとモバイル技術,16000
P518,ニューラルネットワークの最適化戦略,19000
P519,クラウドセキュリティと法的課題,17500
P520,AIを使ったテキスト生成技術,15000
P521,持続可能なロボティクス技術,14000
P522,次世代通信技術とデータ処理,15500
P523,AIによるリアルタイム音声認識,17000
P524,クラウドベースのデータ分析,18000
P525,スマートデバイスの機能拡張,16500
P526,ディープラーニングの進化と応用,14500
P527,仮想環境の設計とシミュレーション,16000
P528,ニューラルネットワークとデータ統合,15000
P529,量子技術によるイノベーション,20000
P530,持続可能なITインフラと運用,17500
P531,AIを活用したマーケティング戦略,14000
P532,次世代のクラウドプラットフォーム,19000
P533,次世代通信技術とネットワーク設計,17000
P534,AIを活用したプロジェクト管理,16500
P535,クラウドコンピューティングによる効率化,18000
P536,ディープラーニングとデータ解析,16000
P537,仮想環境の設計と実装,15000
P538,持続可能な通信技術とエネルギー管理,17500
P539,ニューラルネットワークによる医療応用,14000
P540,AIによる社会的課題の解決,19000
P541,スマートデバイスと環境技術の進化,13500
P542,クラウド基盤のセキュリティ戦略,15500
P543,量子暗号化技術の新展望,20000
P544,次世代のIoTプラットフォーム,14500
P545,AIを活用した教育改革の設計,16000
P546,ディープフェイクとセキュリティ技術,17500
P547,持続可能なIT運用と管理,15000
P548,スマートロボットによる効率化,18000
P549,ニューラルネットワークとVR技術の融合,16500
P550,クラウドプラットフォームの設計と統合,14000
P551,AIを活用した交通分析,15500
P552,次世代の通信インフラ,19000
P553,持続可能なエネルギー効率化技術,17000
P554,ディープラーニングによる画像処理,18000
P555,スマートデバイスの技術革新,13500
P556,AIベースのデータ駆動型意思決定,15000
P557,ニューラルネットワークによる音声解析,16000
P558,クラウドとエッジの統合技術,17500
P559,次世代のネットワークデザイン,14500
P560,仮想環境と持続可能性,14000
P561,AIを活用したリスク管理の新しい視点,19000
P562,スマート農業技術の設計と運用,15500
P563,ニューラルネットワークの最適化手法,16500
P564,クラウドベースの医療アプリケーション,15000
P565,持続可能なロボット設計,18000
P566,AIを活用した教育技術の進化,17500
P567,次世代通信プロトコルの設計,13500
P568,ディープフェイク検出の新しいアプローチ,19000
P569,クラウドとAIによる効率化ソリューション,16000
P570,スマートデバイスの設計原則,17000
P571,ニューラルネットワークと自然言語処理,15500
P572,仮想化技術によるネットワーク最適化,14000
P573,AIを使った音声認識システムの強化,15000
P574,持続可能なクラウドアーキテクチャ,16500
P575,次世代通信技術の教育応用,17500
P576,クラウドプラットフォームの効率化,18000
P577,ニューラルネットワークとリアルタイム処理,19000
P578,AIを活用したデジタルマーケティング,13500
P579,スマートデバイスとデータ統合,15000
P580,持続可能なデータ管理技術,16000
P581,AIベースの音声処理の最前線,15000
P582,次世代通信技術による社会変革,17000
P583,ニューラルネットワークと環境モニタリング,18000
P584,クラウドコンピューティングの効率化戦略,19000
P585,スマートデバイスとビッグデータ,13500
P586,AIを活用した自動化プロセス,17500
P587,持続可能な通信技術の革新,15500
P588,クラウドセキュリティの新しいアプローチ,14500
P589,仮想化技術とエネルギー効率,16000
P590,次世代通信プロトコルと規格,15000
P591,ニューラルネットワークによるリアルタイム分析,17000
P592,AIとクラウドによる教育改革,18000
P593,持続可能なエネルギー管理とIT技術,13500
P594,ディープフェイク検出とセキュリティ対策,19000
P595,クラウドアプリケーションの新展開,14000
P596,AIによるヘルスケアの進化,15500
P597,スマート農業技術と自律ロボット,17500
P598,ニューラルネットワークによる音声生成,16000
P599,クラウドコンピューティングの最適化,14500
P600,次世代通信技術によるビジネスモデル,18000
P601,持続可能なITインフラストラクチャ,15000
P602,ディープラーニングと医療画像解析,13500
P603,AIを活用したマーケティング分析,17500
P604,ニューラルネットワークによる教育支援,15500
P605,スマートデバイスと環境モニタリング,17000
P606,持続可能な通信技術と社会的影響,18000
P607,次世代ITリーダーシップの変革,14000
P608,AIによるデータ分析の新たな可能性,19000
P609,クラウドアーキテクチャ設計の基本,15000
P610,ニューラルネットワークの最適化技術,14500
P611,ディープラーニングによる自動化,16500
P612,仮想環境とデータ駆動型意思決定,13500
P613,持続可能なエネルギー技術とAI応用,17500
P614,クラウドセキュリティの未来展望,15500
P615,次世代通信技術による教育革新,17000
P616,スマートデバイスとプライバシー保護,18000
P617,AIを活用した交通システム設計,19000
P618,クラウドコンピューティングによるコスト削減,16000
P619,ニューラルネットワークとソーシャルメディア分析,14000
P620,次世代通信プロトコルの研究と設計,15000
P621,持続可能なIT運用管理戦略,14500
P622,ディープラーニングによる医療技術の発展,15500
P623,仮想化技術の効率化と最適化,18000
P624,AIによる環境予測分析の可能性,17500
P625,スマートデバイスとクラウドベースのアプリケーション,13500
P626,次世代通信技術とデータ統合,16500
P627,クラウドアーキテクチャの最適化,15000
P628,AIを活用したコンテンツ生成技術,16000
P629,次世代通信技術の安全性向上,17500
P630,ニューラルネットワークによる医療診断,14000
P631,持続可能なエネルギー管理システム,18000
P632,ディープラーニングによる画像解析,19000
P633,スマートデバイスとAIアシスタント技術,13500
P634,クラウドコンピューティングの拡張性,17000
P635,AIを活用したリアルタイム分析,15500
P636,次世代通信技術と量子暗号化,14500
P637,ニューラルネットワークの最新研究,16000
P638,クラウドセキュリティとプライバシー保護,17500
P639,持続可能なデータストレージ技術,15000
P640,ディープフェイク技術の社会的影響,14000
P641,スマートデバイスの新しい利用方法,18000
P642,クラウドアーキテクチャとIoTの統合,16500
P643,AIを活用したビジネスプロセス最適化,19000
P644,ニューラルネットワークによる音声識別技術,15000
P645,次世代通信技術の市場分析,13500
P646,持続可能な通信ネットワーク設計,15500
P647,ディープラーニングの新たな活用事例,16000
P648,クラウドコンピューティングとデータ管理,17500
P649,AIによるロボティクス技術の発展,14000
P650,次世代ITリーダーシップの実践,19000
P651,スマートデバイスと自動化技術,18000
P652,ニューラルネットワークとIoTの活用,16500
P653,持続可能なエネルギー技術の社会的インパクト,15000
P654,ディープラーニングとスマートシティ,14500
P655,クラウドベースのセキュリティソリューション,16000
P656,AIと機械学習によるリスク予測,17500
P657,次世代通信技術とクラウド統合,14000
P658,ニューラルネットワークによる環境分析,15000
P659,クラウド技術の持続可能性と課題,19000
P660,スマートデバイスとエネルギー効率化,18000
P661,ディープフェイク技術の倫理的課題,16500
P662,AIを活用した情報検索技術,13500
P663,クラウドコンピューティングとデータセキュリティ,15500
P664,次世代通信技術によるヘルスケア改革,16000
P665,ニューラルネットワークの効率的な運用戦略,17500
P666,スマートデバイスの進化と市場動向,15000
P667,ディープラーニングによる医療画像の解析,14000
P668,クラウドセキュリティと暗号技術,18000
P669,AIによる教育技術の進化,16500
P670,持続可能なデータ処理システム,15000
P671,ニューラルネットワークによるデータマイニング,14500
P672,次世代通信技術のデータ統合,16000
P673,クラウドアーキテクチャの設計と最適化,17500
P674,スマートデバイスとAIによる情報整理,14000
P675,ディープフェイク技術と社会的影響,19000
P676,持続可能な通信ネットワークの進化,18000
P677,持続可能なデータ管理アーキテクチャ,16000
P678,AIを活用したコンテンツ分類技術,15000
P679,次世代通信技術の標準化と実装,17500
P680,ニューラルネットワークによる最適化,14000
P681,ディープラーニングによる医療診断支援,18000
P682,スマートデバイスと拡張現実の統合,19000
P683,クラウドコンピューティングの運用改善,13500
P684,AIと持続可能な社会構築,17000
P685,ニューラルネットワークの最新アルゴリズム,15500
P686,次世代ITリーダーシップの育成,14500
P687,ディープフェイク検出技術とその応用,16000
P688,クラウドアーキテクチャの効率的設計,17500
P689,持続可能なエネルギーとITの融合,15000
P690,AIによるリスク管理ソリューション,14000
P691,次世代通信技術とデータ統合手法,18000
P692,ニューラルネットワークによる音声認識強化,16500
P693,スマートデバイスと自動化システム,19000
P694,クラウドコンピューティングとIT戦略,15000
P695,AIを活用した教育技術の最新動向,13500
P696,ディープラーニングによる環境データ解析,15500
P697,クラウドプラットフォームとデータ管理技術,16000
P698,持続可能なネットワークインフラ設計,17500
P699,次世代のロボティクス技術とAI応用,14000
P700,スマートシティと情報統合システム,19000
P701,ディープラーニングと医療データ解析,18000
P702,ニューラルネットワークのトレーニング戦略,16500
P703,クラウド基盤のセキュリティ強化策,15000
P704,AIを活用したマーケティング分析技術,14500
P705,スマートデバイスと仮想現実技術,16000
P706,ディープラーニングと自律型システム,17500
P707,クラウドコンピューティングによるリソース最適化,14000
P708,次世代通信技術とセキュリティプロトコル,15000
P709,ニューラルネットワークの最適化と強化,19000
P710,スマートデバイスの市場動向と展望,18000
P711,ディープフェイク技術のリスクと対策,16500
P712,クラウドアプリケーションの拡張と最適化,13500
P713,AIによるデータマイニング技術,15500
P714,持続可能なITインフラ運用管理,16000
P715,ディープラーニングと画像認識技術,17500
P716,クラウドとIoT統合の効率化戦略,14000
P717,次世代通信技術とスマートグリッド,15000
P718,ニューラルネットワークの最新開発動向,19000
P719,ディープラーニングとリアルタイム解析技術,16500
P720,クラウドアーキテクチャの運用最適化,13500
P721,AIを活用した教育技術と学習支援,15000
P722,クラウドコンピューティングによる業務改善,15500
P723,次世代のネットワーク技術と通信プロトコル,16000
P724,持続可能なデータ管理とクラウド技術,16000
P725,AIを活用したマーケティング最適化,15000
P726,次世代通信技術の応用と市場動向,17500
P727,ニューラルネットワークと環境モデリング,14000
P728,ディープラーニングによる医療予測技術,18000
P729,スマートデバイスと拡張現実の活用,19000
P730,クラウドコンピューティングによる業務革新,13500
P731,AIによる自動化と最適化,17000
P732,次世代ITインフラ設計と管理,14500
P733,ディープフェイク検出技術の実践,16000
P734,クラウドアーキテクチャのスケーラビリティ,17500
P735,持続可能なエネルギー管理技術とAIの融合,15000
P736,AIを活用したリスク分析,14000
P737,次世代通信技術のセキュリティ設計,18000
P738,スマートデバイスとビッグデータ統合,19000
P739,AIを活用した教育技術の発展,13500
P740,ディープラーニングと環境データ解析,15500
P741,クラウドプラットフォームのセキュリティ対策,16000
P742,持続可能な通信技術の開発と運用,17500
P743,次世代ロボティクス技術とAI統合,14000
P744,スマートシティと情報管理システム,19000
P745,ディープラーニングと医療データの統合,18000
P746,ニューラルネットワークの学習手法と最適化,16500
P747,クラウド基盤のデータ保護戦略,15000
P748,AIを活用したマーケティングデータ分析,14500
P749,スマートデバイスとクラウド統合技術,16000
P750,ディープラーニングと自律型システムの開発,17500
P751,クラウドコンピューティングによる運用最適化,14000
P752,ニューラルネットワークの新たな応用可能性,19000
P753,スマートデバイスの市場拡大と技術革新,18000
P754,ディープフェイク技術のリスク評価,16500
P755,クラウドアプリケーションの拡張と開発,13500
P756,AIによるデータ解析と最適化,15500
P757,持続可能なITインフラと設計戦略,16000
P758,ディープラーニングと画像認識技術の発展,17500
P759,クラウドとIoTの連携による効率化,14000
P760,次世代通信技術の革新と市場展望,15000
P761,ニューラルネットワークのトレーニングと運用,19000
P762,スマートデバイスとAIアシスタントの進化,18000
P763,ディープラーニングとリアルタイム解析の可能性,16500
P764,クラウドアーキテクチャとセキュリティ技術,13500
P765,AIを活用した教育技術の展望,15000
P766,持続可能なエネルギー管理とクラウド技術,17500
P767,クラウドコンピューティングによる業務の最適化,15500
P768,次世代ネットワーク技術の統合と発展,16000
P769,クラウド技術とデータ統合,15000
P770,AIを活用したビジネスプロセス改善,16000
P771,次世代通信技術と社会インフラ,17500
P772,ニューラルネットワークによる医療技術,14000
P773,スマートデバイスと情報管理システム,19000
P774,AIによる金融市場予測,17000
P775,ニューラルネットワークの革新と活用,15500
P776,次世代ITリーダーシップと戦略,14500
P777,ディープフェイク技術の検出とリスク管理,16000
P778,クラウドアーキテクチャによる最適化,17500
P779,持続可能なエネルギー管理とIT活用,15000
P780,AIを活用したセキュリティ分析,14000
P781,次世代通信技術とエッジコンピューティング,18000
P782,スマートデバイスとデータ処理技術,19000
P783,クラウドコンピューティングの最適化手法,15000
P784,AIを活用したマーケティング技術,13500
P785,ディープラーニングによる産業技術の革新,15500
P786,クラウドプラットフォームの発展と活用,16000
P787,持続可能な通信インフラの設計,17500
P788,スマートシティと情報可視化,19000
P789,ディープラーニングによる自動運転技術,18000
P790,ニューラルネットワークと最適化アルゴリズム,16500
P791,クラウド基盤の新しいデータ管理技術,15000
P792,AIを活用した医療データ解析,14500
P793,スマートデバイスとネットワーク統合技術,16000
P794,ディープラーニングとロボティクスの進化,17500
P795,クラウドコンピューティングによるリソース管理,14000
P796,次世代通信技術とデータ保護,15000
P797,ニューラルネットワークの最適化と拡張,19000
P798,スマートデバイスとAIアシスタントの高度化,18000
P799,ディープフェイク技術の社会的影響と対策,16500
P800,クラウドアプリケーションの開発と最適化,13500
P801,AIによるデータ分析とリスク評価,15500
P802,持続可能なIT戦略とイノベーション,16000
P803,ディープラーニングと画像認識の強化,17500
P804,クラウドとIoTの統合によるシステム効率化,14000
P805,次世代通信技術とスマートグリッドの活用,15000
P806,ニューラルネットワークとビッグデータの活用,19000
P807,スマートデバイスとAIの次世代応用,18000
P808,ディープラーニングとリアルタイムデータ解析,16500
P809,クラウドアーキテクチャの拡張とセキュリティ強化,13500
P810,AIを活用した教育技術の未来,15000
P811,持続可能なエネルギー管理技術とクラウド,17500
P812,クラウドコンピューティングの最適化と応用,15500
P813,次世代ネットワーク技術の開発と革新,16000
P814,クラウド技術とデータストレージの最適化,15000
P815,AIによる市場分析とトレンド予測,16000
P816,次世代通信技術とスマートデバイス統合,17500
P817,ニューラルネットワークによる知識抽出,14000
P818,ディープラーニングによる医療診断技術,18000
P819,スマートデバイスと拡張現実の応用,19000
P820,クラウドコンピューティングの新たな展開,13500
P821,AIを活用したリスク管理と対応策,17000
P822,ニューラルネットワークと環境データ解析,15500
P823,次世代ITインフラの開発と設計,14500
P824,ディープフェイク検出技術の進化,16000
P825,クラウドアーキテクチャのスケーラビリティ戦略,17500
P826,持続可能なエネルギー管理とAI,15000
P827,AIを活用した教育技術の強化,14000
P828,次世代通信技術とビッグデータ活用,18000
P829,ニューラルネットワークによる音声データ分析,16500
P830,スマートデバイスとデータ統合手法,19000
P831,クラウドコンピューティングと情報保護,15000
P832,AIを活用したマーケティング手法,13500
P833,ディープラーニングによる自律型システムの設計,15500
P834,クラウドプラットフォームの最適化と開発,16000
P835,持続可能な通信ネットワークとその発展,17500
P836,次世代ロボティクス技術とAI活用,14000
P837,スマートシティとリアルタイムデータ分析,19000
P838,ディープラーニングとヘルスケアソリューション,18000
P839,ニューラルネットワークの最適化と強化手法,16500
P840,クラウド基盤の情報保護とセキュリティ技術,15000
P841,AIを活用した医療データの統合と活用,14500
P842,スマートデバイスとデータプライバシー管理,16000
P843,ディープラーニングとロボティクスの技術革新,17500
P844,クラウドコンピューティングによるリソース管理最適化,14000
P845,次世代通信技術とネットワークインフラ,15000
P846,ニューラルネットワークの最新動向と開発,19000
P847,スマートデバイスとAIアシスタントの統合,18000
P848,ディープフェイク技術の最新研究,16500
P849,クラウドアプリケーションの拡張と実装技術,13500
P850,AIによるデータ分析とビジネス戦略,15500
P851,持続可能なIT設計とインフラ構築,16000
P852,ディープラーニングと画像認識技術の進展,17500
P853,クラウドとIoT統合によるシステム効率化,14000
P854,次世代通信技術とスマートグリッド応用,15000
P855,ニューラルネットワークとビッグデータ活用戦略,19000
P856,スマートデバイスとAIの新たな展開,18000
P857,ディープラーニングとリアルタイムデータ処理,16500
P858,クラウドコンピューティングによる業務改善と最適化,15500
P859,クラウドアーキテクチャの最適化技術,16000
P860,AIを活用したリアルタイムマーケティング分析,15000
P861,次世代通信技術の発展と市場動向,17500
P862,ニューラルネットワークと環境モニタリングの応用,14000
P863,ディープラーニングによる医療診断の革新,18000
P864,スマートデバイスと拡張現実の未来,19000
P865,クラウドコンピューティングによる企業戦略,13500
P866,AIを活用したリスク予測と管理手法,17000
P867,ニューラルネットワークの新たなアルゴリズム開発,15500
P868,次世代ITリーダーシップと経営戦略,14500
P869,ディープフェイク検出技術と倫理的課題,16000
P870,クラウドアーキテクチャの高度な設計,17500
P871,持続可能なエネルギー管理とAI活用,15000
P872,AIを活用した教育技術の発展と応用,14000
P873,次世代通信技術とデータ統合戦略,18000
P874,ニューラルネットワークによる音声解析の進化,16500
P875,スマートデバイスと情報統合システム,19000
P876,クラウドコンピューティングとセキュリティ対策,15000
P877,AIを活用したマーケティング戦略の変革,13500
P878,クラウドプラットフォームの発展と応用,16000
P879,持続可能な通信ネットワークの設計と管理,17500
P880,スマートシティとリアルタイムデータ活用,19000
P881,ディープラーニングと医療診断支援,18000
P882,AIを活用した医療データの統合と解析,14500
P883,スマートデバイスとプライバシー保護技術,16000
P884,ディープラーニングとロボティクスの最前線,17500
P885,次世代通信技術とデータ保護戦略,15000
P886,ニューラルネットワークの最新研究と応用,19000
P887,ディープフェイク技術の最新動向,16500
P888,クラウドアプリケーションの拡張と開発戦略,13500
P889,AIによるデータ分析とリスク評価技術,15500
P890,持続可能なIT設計とインフラ管理,16000
P891,ディープラーニングと画像認識技術の応用,17500
P892,クラウドとIoT統合による効率化,14000
P893,ディープラーニングとリアルタイムデータ処理技術,16500
P894,クラウドアーキテクチャの拡張とセキュリティ最適化,13500
P895,AIを活用した教育技術と学習支援の未来,15000
P896,持続可能なエネルギー管理とクラウド活用,17500
P897,クラウドアーキテクチャの最新技術,16000
P898,AIを活用した市場トレンド分析,15000
P899,次世代通信技術の開発と統合,17500
P900,ニューラルネットワークによる知識抽出技術,14000
P901,ディープラーニングによる医療診断技術の発展,18000
P902,スマートデバイスと拡張現実の統合技術,19000
P903,クラウドコンピューティングによる企業の競争力強化,13500
P904,AIを活用したリスク予測と対応策,17000
P905,ニューラルネットワークの最新アルゴリズムの開発,15500
P906,次世代IT戦略とデジタル変革,14500
P907,ディープフェイク検出技術と倫理的影響,16000
P908,クラウドアーキテクチャの最適化設計,17500
P909,AIを活用した教育技術の革新,14000
P910,ニューラルネットワークによる音声認識の改善,16500
P911,スマートデバイスと情報統合技術,19000
P912,クラウドコンピューティングとセキュリティ管理技術,15000
P913,AIを活用したマーケティング戦略の進化,13500
P914,ディープラーニングによる自律型システムの開発,15500
P915,クラウドプラットフォームの最適化技術,16000
P916,持続可能な通信ネットワークの設計と運用,17500
P917,次世代ロボティクス技術とAIの統合,14000
P918,スマートシティとリアルタイムデータ活用戦略,19000
P919,ディープラーニングと医療診断支援技術,18000
P920,AIを活用した医療データの統合と分析,14500
P921,ディープラーニングとロボティクス技術の進化,17500
P922,クラウドコンピューティングによるリソース管理と最適化,14000
P923,次世代通信技術とデータ保護の最新動向,15000
P924,ニューラルネットワークの最新研究とその応用,19000
P925,スマートデバイスとAIアシスタントの統合と最適化,18000
P926,ディープフェイク技術の社会的影響とリスク評価,16500
P927,持続可能なIT設計とインフラ構築技術,16000
P928,ディープラーニングと画像認識技術の活用,17500
P929,クラウドとIoT統合によるシステム最適化,14000
P930,次世代通信技術とスマートグリッドの活用戦略,15000
P931,ニューラルネットワークとビッグデータ活用技術,19000
P932,スマートデバイスとAIの新たな統合,18000
P933,ディープラーニングとリアルタイムデータ処理技術の開発,16500
P934,クラウドアーキテクチャの拡張とセキュリティ管理,13500
P935,AIを活用した教育技術と学習支援の未来設計,15000
P936,持続可能なエネルギー管理とクラウド活用戦略,17500
P937,クラウドコンピューティングによる業務改善と最適化技術,15500
P938,次世代ネットワーク技術の開発と革新戦略,16000
